http://torcache.net/torrent/21996EA35668C8FC53F066F290375CA6FCA5683F.torrent?title=[kickass.to]ed.sheeran.plus.2011.album.dvd.by.shun.lim1,b_url1
http://mic.com/articles/116877/watch-amy-schumer-skewer-the-media-s-obsession-with-real-beauty,b_url2
http://torrentdn.com/bbs/s.php?bo_table=torrent_tv&wr_id=83422&k=%ED%9B%84%EC%95%84%EC%9C%A0&page=1,b_url3
http://thechive.com/2015/04/01/middle-of-the-week-you-should-get-away-20-hq-photos-43/,b_url4
http://khabaronline.ir/(X(1)S(zrkma10ylf5y5ukbq4uvzipg))/detail/416427/World/diplomacy,b_url5
http://olx.in/m/contact/?ref%5B0%5D%5Bparams%5D%5Bcategory%5D=1413&ref%5B0%5D%5Baction%5D=index&ref%5B0%5D%5Bmethod%5D=category&ref%5B1%5D%5Bparams%5D%5Btype%5D=adding&ref%5B1%5D%5Bparams%5D%5Bref%5D%5B0%5D%5Bparams%5D%5Bcategory%5D=1413&ref%5B1%5D%5Bparams%5D%5Bref%5D%5B0%5D%5Baction%5D=index&ref%5B1%5D%5Bparams%5D%5Bref%5D%5B0%5D%5Bmethod%5D=category&ref%5B1%5D%5Baction%5D=adding&ref%5B1%5D%5Bmethod%5D=index,b_url6
http://1337x.to/torrent/840743/Marvel-Agents-Of-SHIELD-S01E22-Beginning-Of-The-End-1080p-WEB-DL-DD5-1-H-264-ECI-PublicHD/,b_url7
http://nesn.com/2015/05/bryce-harper-hits-five-homers-in-two-games-to-tie-mlb-record-videos/,b_url8
http://themeforest.net/item/scalia-multiconcept-business-shop-onepage-blog-theme/10785742,b_url9
http://indianexpress.com/article/sports/football/u-17-coach-charts-way-forward-with-germany-trip/,b_url10
http://xvideo-jp.com/archives/category/%e4%b8%8a%e6%9d%91%e3%81%82%e3%81%9a%e3%81%95,b_url11
http://torcache.net/torrent/60A646436A9C4953AFDCE5909B378664D8B9FB1F.torrent?title=[kickass.to]izombie.s01e05.hdtv.x264.lol.ettv,b_url12
http://emgn.com/tv/video-this-dying-light-parkour-pov-is-so-awesome-you-have-to-watch-this/,b_url13
http://torcache.net/torrent/7FB753E22DFF1560DD582202F421128BE7B2AB13.torrent?title=[kickass.to]the.vampire.diaries.s06e16.1080p.web.dl.dd5.1.h.264.kings.ripsalot,b_url14
http://interpark.com/displaycorner/FreeMarket.do?_method=itemAreaList&area1=%EC%9D%B8%EC%B2%9C%EA%B4%91%EC%97%AD%EC%8B%9C&area2=%EC%84%9C%EA%B5%AC&area3=%EA%B2%80%EC%95%94%EB%8F%99,b_url15
http://lifehacker.com/5893589/get-better-hotel-deals-with-this-hotwire-and-priceline-negotiating-strategy,b_url16
http://aljazeera.net/Home/GetPage/f6451603-4dff-4ca1-9c10-122741d17432/201f8d3c-23c9-4a90-98b3-1ee1990ef0f8,b_url17
http://babal.net/books/view/1461/%D9%85%D8%B9%D8%B6%D9%84%D8%A9-%D8%A7%D9%84%D8%AC%D9%85%D8%A7%D8%B9%D8%A7%D8%AA-%D8%A7%D9%84%D8%A5%D8%AB%D9%86%D9%8A%D8%A9-%D9%81%D9%8A-%D8%A7%D9%84%D9%88%D8%B7%D9%86-%D8%A7%D9%84%D8%B9%D8%B1%D8%A8%D9%8A,b_url18
http://deadspin.com/i-was-shot-and-raped-by-an-fsu-player-i-still-cheer-fo-1563858521/1704017689/+barryap,b_url19
http://babal.net/books/view/1464/%D8%A5%D9%86%D8%B3%D8%A7%D9%86-%D8%B4%D9%81%D8%A7%D9%81,b_url20
http://espn.go.com/espn/dickvitale/story/_/id/12881060/big-ten-acc-challenge-delivers-again-intriguing-nonconference-matchups,b_url21
http://putlocker.is/watch-geordie-shore-tvshow-season-6-episode-4-online-free-putlocker.html,b_url22
http://torcache.net/torrent/4A75130047C8B1FF9AFAB846A8CAA631D37161D7.torrent?title=[kickass.to]pinupfiles.15.05.13.tessa.fowler.day.with.tessa.rubik.s.cubing.set.1.xxx.imageset.yapg.rarbg,b_url23
http://atwiki.jp/wiki/%E3%83%89%E3%83%A9%E3%82%B4%E3%83%B3%E3%82%BA%E3%83%89%E3%82%B0%E3%83%9E%20%E3%82%B5%E3%83%96%E3%82%AF%E3%82%A8%E3%82%B9%E3%83%88%20%E4%B8%80%E8%A6%A7,b_url24
http://sfglobe.com/2015/04/30/baltimore-police-conclude-investigation-into-freddie-grays-death/?src=home_feed,b_url25
http://diply.com/different-solutions/travel-tips-for-children-plane-care-hotel/124409,b_url26
http://torcache.net/torrent/808D4544A6B1417B1BE048E16E1395C6DDC00EAC.torrent?title=[kickass.to]blackhat.2015.proper.french.bdrip.xvid.glups,b_url27
http://mic.com/articles/117708/these-amazingly-honest-videos-will-remind-you-exactly-why-you-love-your-mother,b_url28
http://caixa.gov.br/empresa/credito-financiamento/?pk_campaign=cross&pk_kwd=L21I185,b_url29
http://mediaset.it/italia1/ditelavostra/risultati/36/qual-e-la-tua-arma-segreta-preferita.shtml?page=,b_url30
http://nypost.com/2015/05/13/rangers-strategy-for-dealing-with-trash-talking-alex-ovechkin/,b_url31
http://olx.ua/uk/list/q-%D0%B2%D0%B5%D0%BB%D0%BE%D1%81%D0%B8%D0%BF%D0%B5%D0%B4%D1%8B/?page=5,b_url32
http://xvideo-jp.com/archives/category/%e7%b4%a0%e4%ba%ba%e7%9b%97%e6%92%ae/%e7%b4%a0%e4%ba%ba%e9%80%a3%e3%82%8c%e8%be%bc%e3%81%bf%e3%83%8a%e3%83%b3%e3%83%91sex%e9%9a%a0%e3%81%97%e6%92%ae%e3%82%8a,b_url33
https://myspace.com/drunkybrewster/music/song/weapons-of-mass-destruction-27491856-27293041,b_url34
http://gizmodo.com/5961182/the-taliban-mistakenly-outed-every-single-person-on-its-mailing-list,b_url35
http://kenh14.vn/2-tek/facebook-thu-nghiem-tinh-nang-bai-dang-tu-huy-20140911124025723.chn,b_url36
http://mylust.com/videos/94088/she-was-excited-about-this-anal-sex-on-homemade-video/,b_url37
http://pornsharing.com/candice-dare-displays-her-thick-ass-with-her-white-thong-on_v78264,b_url38
http://web.tv/liveCategory/9/language/1/index/changeLanguage/newshared/searchAutoComplete,b_url39
http://kakaku.com/daily-goods/room-deodorant/ranking_7655/pricedown/div-gpt-ad-k/header_text,b_url40
http://kenh14.vn/kham-pha/nhung-yeu-to-khien-do-hang-hieu-khong-the-mua-duoc-bang-tien-20140906102816735.chn,b_url41
http://steamcommunity.com/sharedfiles/filedetails/%22http://steamcommunity.com/id/carnifex-AA-/videos/?appid=440%22,b_url42
http://distractify.com/jake-heppner/weekend-why-you-should-bring-your-pets-to-work/,b_url43
http://tunein.com/radio/Vanakkam-FM-1027-s162374/15480783/ca-pub-1542925551861702/StationLeader,b_url44
http://plarium.com/en/strategy-games/sparta-war-of-empires/news/resource-building-discount/,b_url45
http://himado.in/?keyword=%E3%81%BE%E3%81%BB%E3%82%89%E3%81%B0%E3%80%9CHeartful+days,b_url46
http://aljazeera.net/knowledgegate/newscoverage/2015/5/11/%D9%86%D9%83%D8%A8%D8%A9-%D9%81%D9%84%D8%B3%D8%B7%D9%8A%D9%86-%D8%A7%D9%84%D8%B0%D9%83%D8%B1%D9%89-%D8%A7%D9%84%D9%8067,b_url47
http://olx.ua/uk/list/q-%D0%B1%D0%BE%D1%81%D0%BE%D0%BD%D0%BE%D0%B6%D0%BA%D0%B8/?page=6,b_url48
http://xvideo-jp.com/archives/category/%e9%81%a0%e8%97%a4%e3%81%aa%e3%81%aa%e3%81%bf,b_url49
http://dantri.com.vn/du-lich-kham-pha/nu-dien-vien-doat-oscar-bi-tuoc-chuc-dai-su-du-lich-vi-dien-do-1054975.htm,b_url50
http://distractify.com/post/related/id/5553bfd34a0c4b5f1246c51c/skip/30/limit/10/back/0,b_url51
http://ap.org/Content/AP-In-The-News/2015/AP-sues-State-Department-seeking-access-to-Clinton-records,b_url52
http://slashdot.org/submission/3095125/brazil-admits-to-spying-on-us-diplomats-after-blasting-nsa-surveillance,b_url53
http://motthegioi.vn/dinh-duong/hanh-tay-giup-ngan-ngua-nguy-co-loang-xuong-186848.html,b_url54
http://torrentdn.com/bbs/s.php?bo_table=torrent_movie&wr_id=145209&k=19%EA%B8%88&page=1,b_url55
http://mylust.com/videos/36734/beautiful-indian-coworker-desirably-sucks-and-rides-my-white-cock/,b_url56
http://torcache.net/torrent/023D0CDC927F093D5558EF0FAFED7537E1ECBFCD.torrent?title=[kickass.to]zedd.ft.selena.gomez.i.want.you.to.know.music.video.1080p.sbyky,b_url57
http://techcrunch.com/2014/06/03/watch-the-techcrunch-recap-of-apples-wwdc-2014-announcements/,b_url58
http://correios.com.br/Para-governo/orgaos-de-transito/encomendas/logistica-integrada,b_url59
http://mylust.com/videos/233201/submissive-hentai-chick-with-big-tits-gets-fucked-from-behind/,b_url60
http://rocketnews24.com/2011/03/22/ipad2%e3%82%92%e4%b8%ad%e5%9b%bd%e4%ba%ba%e3%81%8c%e8%b2%b7%e3%81%84%e5%8d%a0%e3%82%81%e3%81%8b/,b_url61
http://web.de/magazine/panorama/nordkoreas-machthaber-kim-jong-un-liess-offenbar-verteidigungsminister-hinrichten-30636494,b_url62
http://askubuntu.com/questions/547641/a-accesses-bs-shared-resources-b-cannot-access-a,b_url63
http://persianblog.ir/tags/111/15/%da%a9%d8%a7%d9%85%d9%be%db%8c%d9%88%d8%aa%d8%b1/,b_url64
http://distractify.com/post/related/id/554b9cf64a0c4bdf3d066a77/skip/20/limit/10/back/0,b_url65
http://nesn.com/2015/03/patrice-bergeron-bruins-putting-overtime-loss-to-ducks-behind-them-video/,b_url66
http://babal.net/downloads_details/1325/%D8%A7%D8%B3%D8%B7%D9%88%D8%A7%D9%86%D9%87-%D8%A7%D9%84%D8%B3%D9%8A%D8%B1%D9%87-%D8%A7%D9%84%D9%86%D8%A8%D9%88%D9%8A%D9%87,b_url67
http://distractify.com/post/related/id/5548d8e34a0c4b275a89ea58/skip/20/limit/10/back/0,b_url68
http://torcache.net/torrent/2738FFAAC0488D2B4838AC558D2B636D80712449.torrent?title=[kickass.to]penny.dreadful.s01e02.xvid.ajaxen,b_url69
http://thenextweb.com/socialmedia/2014/11/21/whats-home-screen-checking-zadys-soraya-darabi/,b_url70
http://interpark.com/displaycorner/FreeMarket.do?_method=itemCateList&free1=pc&free2=007001009008&free3=item&disp_no=007001009008,b_url71
https://paytm.com/blog/paytm-in-the-news-merchant-app-ecommerce-expansion/?share=email,b_url72
http://aljazeera.net/news/humanrights/2015/5/6/%D8%A7%D9%84%D8%A7%D8%AD%D8%AA%D9%84%D8%A7%D9%84-%D9%8A%D8%B9%D8%B2%D9%84-%D8%A7%D9%84%D8%A3%D8%B3%D9%8A%D8%B1-%D8%AE%D8%B6%D8%B1-%D8%B9%D8%AF%D9%86%D8%A7%D9%86-%D8%A8%D8%B9%D8%AF-%D8%A5%D8%B6%D8%B1%D8%A7%D8%A8%D9%87-%D8%B9%D9%86-%D8%A7%D9%84%D8%B7%D8%B9%D8%A7%D9%85,b_url73
http://yourlust.com/videos/plump-teen-plays-with-shower-head-and-masturbates-trimmed-pussy.html,b_url74
http://xvideo-jp.com/archives/category/%e6%9d%be%e6%b5%a6%e3%82%86%e3%81%8d%e3%81%aa,b_url75
http://otomoto.pl/oferta/ford-transit-300l-dlugi-bogato-wyposazony-klimatyzacja-bagaznik-dachowy-ID6y53Xp.html,b_url76
http://otomoto.pl/oferta/suzuki-grand-vitara-1-9-diesel-de-luxe-4x4-zarej-pl-ID4paUlA.html,b_url77
http://patch.com/florida/newportrichey/slain-tarpon-springs-officer-remembered-washington-dc/,b_url78
http://gtbank.com/media-centre/gtbank-in-the-news/50-media/subsidiary-news/599-gtbank-deploys-gtpay-for-university-of-ghana-regent-university-and-waec,b_url79
http://tobogo.net/cdsb/board.php?board=love&bm=view&no=84&category=&auth=&page=1&search=&keyword=&recom=,b_url80
http://torrentdn.com/bbs/s.php?bo_table=torrent_song&wr_id=46759&k=%EB%A9%9C%EB%A1%A0&page=1,b_url81
http://nesn.com/2015/05/jorge-posada-alex-rodriguez-roger-clemens-shouldnt-be-in-hall-of-fame/,b_url82
http://plarium.com/de/strategiespiele/soldiers-inc/news/schliesse-neue-verbundsvertrage-ab/,b_url83
http://aljazeera.net/news/healthmedicine/2015/5/13/%D8%AD%D9%85%D9%84%D8%A9-%D9%81%D9%8A-%D9%82%D8%B7%D8%B1-%D9%84%D9%84%D8%AA%D9%88%D8%B9%D9%8A%D8%A9-%D8%A8%D8%A7%D9%84%D8%AC%D9%84%D8%B7%D8%A9-%D8%A7%D9%84%D8%AF%D9%85%D8%A7%D8%BA%D9%8A%D8%A9,b_url84
http://depositphotos.com/login.html?url=%2F12482600%2Fstock-photo-tasty-breakfast-eggs.html,b_url85
http://atwiki.jp/wiki/%E5%9B%9E%E9%81%BF%E4%B8%8A%E3%81%92%20%E6%B5%B7%E4%BA%8B%20%E5%A3%AB%E5%AE%98%E3%81%8B%E3%82%89%E3%81%AE%E4%BE%9D%E9%A0%BC,b_url86
http://thenextweb.com/apple/2011/05/10/carousel-is-quite-literally-the-most-beautiful-instagram-experience-for-your-mac/gtm.start,b_url87
https://medium.com/@jakechristie/the-laser-pointers-are-cornered-85ee891d500d?source=latest,b_url88
http://tunein.com/radio/Late-Lunch-p664105/15480783/ca-pub-1542925551861702/ProgramTopBanner,b_url89
http://correios.com.br/para-voce/precisa-de-ajuda/o-que-e-cep-e-por-que-usa-lo/bases-de-cep,b_url90
http://distractify.com/post/related/id/54d26ae34a0c4b8b029e5f61/skip/20/limit/10/back/0,b_url91
http://1337x.to/torrent/906175/Captain-America-The-Winter-Soldier-2014-1080p-BrRip-x264-YIFY/,b_url92
https://medium.com/@aristoNYC/social-justice-bullies-the-authoritarianism-of-millennial-social-justice-6bdb5ad3c9d3?source=has-recommended,b_url93
http://udn.com/news/story/7088/896677-%E9%81%BF%E5%85%8D%E4%B8%8D%E9%9B%85%E5%9C%96%E5%83%8F%E6%83%85%E6%B3%81%E5%86%8D%E7%99%BC%E7%94%9F-Google%E5%8F%96%E6%B6%88%E5%9C%B0%E5%9C%96%E5%B7%A5%E5%85%B7,b_url94
http://web.de/magazine/unterhaltung/tv-film/aktuelle-kinotrailer/trailer-ant-30576158,b_url95
https://getpocket.com/l?ep=3&t=1&route=http%3A%2F%2Fgetpocket.com%2Fp%2Fpocket-topics%2Fparenting,b_url96
http://espn.go.com/nhl/insider/story/_/id/12819334/connor-mcdavid-jack-eichel-lead-list-top-100-prospects-2015-nhl-draft,b_url97
http://babal.net/women/view/1828/%D9%83%D9%8A%D9%81-%D8%AA%D8%AD%D9%85%D9%8A%D9%86-%D8%B7%D9%81%D9%84%D9%83-%D9%85%D9%86-%D8%A7%D9%84%D8%AA%D8%B3%D9%85%D9%85%D8%9F,b_url98
http://seesaawiki.jp/pathofexile/d/Blood%20Magic%a1%ca%a5%b5%a5%dd%a1%bc%a5%c8%a5%b8%a5%a7%a5%e0%a1%cb,b_url99
http://babal.net/downloads_details/1333/%D8%A3%D8%B3%D8%B7%D9%88%D8%A7%D9%86%D8%A9-%D8%B1%D9%85%D8%B6%D8%A7%D9%86%D9%8A%D8%A7%D8%AA,b_url100
http://kenh14.vn/2-tek/nhieu-cai-tien-moi-me-cua-smartphone-vo-kim-loai-galaxy-f-20140707030038363.chn,b_url101
http://graphicriver.net/item/embroidery-and-stitching-photoshop-creation-kit/6990240,b_url102
http://onedio.com/haber/10-madde-ile-son-bir-yilda-soma-da-yasanan-gercekler-ve-son-durum-506466,b_url103
http://torrentdn.com/bbs/s.php?bo_table=torrent_ani&wr_id=28026&k=%EC%86%8C%EB%93%9C%EC%95%84%ED%8A%B8%EC%98%A8%EB%9D%BC%EC%9D%B8&page=1,b_url104
http://allegro.pl/listing/listing.php?bmatch=seng-v10-p-sm-pers-isqm-chl-moda-0414&id=1487&order=m&string=%7Bstring%7D,b_url105
http://thenextweb.com/creativity/2015/05/09/getty-images-teams-up-with-instagram-for-photography-grant-program/gtm.start,b_url106
http://olx.in/hi/all-results/?utm_source=google&utm_medium=search&utm_campaign=search_organic&search%5Bphotos%5D=false&q=,b_url107
http://olx.co.id/i2/elektronik-gadget/komputer/software/elektronik-gadget/komputer/software,b_url108
http://so-net.ne.jp/access/hikari/collaboration/diversion.html?SmRcid=nss_s_ad_top_swaku_collabo_withf,b_url109
http://akhbarelyom.com/news/newdetails/411450/1/%D9%85%D8%B3%D8%A7%D8%B9%D8%AF-%D9%88%D8%B2%D9%8A%D8%B1-%D8%A7.html,b_url110
http://xhamster.com/movies/4581767/cheating_young_amateur_slut_sucks_big_cock.html?s=1,b_url111
https://eksisozluk.com/13-mayis-2015-fenerbahce-kayseri-erciyesspor-maci--4757508?focusto=51289157,b_url112
http://kienthuc.net.vn/tin-tuc/cac-truong-dh-dung-tuyen-sinh-trung-cap-truoc-nam-2017-488582.html,b_url113
http://megogo.net/ru/view/1630481-bratya-po-obmenu-sezon-1-bratya-po-obmenu-promo.html,b_url114
http://otomoto.pl/osobowe/bmw/seria-3/-/323/JOcK7gzdoyrcIT2176iLzhCz8UoPOGcT6Y1ax8FNTPf.l7,b_url115
http://emgn.com/electronics/facebook-backdoor-gives-clues-to-private-email-addresses-and-access-to-profile-picture/,b_url116
http://extratorrent.cc/torrent/4190440/%5BHorribleSubs%5D+Gintama+2015+-+06+%5B271%5D+%5B480p%5D.mkv.html,b_url117
http://aljazeera.net/knowledgegate/authors/2012/3/9/%D9%81%D9%87%D9%85%D9%8A-%D9%87%D9%88%D9%8A%D8%AF%D9%8A,b_url118
http://uproxx.com/dimemag/2015/05/chris-webber-david-blatt-lebron-james-timeout-nba-playoffs-2015/,b_url119
http://kienthuc.net.vn/chi-tieu-tuyen-sinh/chi-tieu-tuyen-sinh-dai-hoc-phong-chay-chua-chay-nam-2015-467402.html,b_url120
http://distractify.com/post/related/id/5526d47f4a0c4bc363fed7af/skip/10/limit/10/back/0,b_url121
http://censor.net.ua/resonance/329647/borba_za_ukrnaftu_avtonomnyyi_donbass_polet_gagarina_obzor_zakonoproektov,b_url122
https://myspace.com/fiveminutestothestage/video/walk-the-moon-five-minutes-to-the-stage/109767466,b_url123
http://nesn.com/2013/10/yasiel-puig-gives-bat-flip-for-the-ages-celebrates-triple-like-home-run-during-game-3-gifs/,b_url124
http://seekingalpha.com/article/3168396-tetraphase-pharmaceuticals-this-biotech-receives-little-attention-from-wall-street-and-i-have-no-idea-why,b_url125
https://prezi.com/support/article/steps/prezi-for-windows-and-mac-the-beginners-guide/?lang=en,b_url126
http://olx.co.id/i2/jasa-lowongan-kerja/jasa/komputer-internet/jasa-lowongan-kerja/jasa/komputer-internet,b_url127
http://thenextweb.com/apps/2011/05/17/brilliant-screenstagram-a-screensaver-for-instagram/gtm.start,b_url128
http://bdnews24.com/politics/2015/05/05/bnp-chief-khaleda-zia-skips-graft-cases-hearing,b_url129
http://pornsharing.com/outdoor-ass-licking-with-aj-applegate-and-maddy-oreilly_v78355,b_url130
http://momoshop.com.tw/category/LgrpCategory.jsp?l_code=2101100000&Area=tooth&FTOOTH=21&mdiv=1000900000-bt_5_023_01&ctype=B,b_url131
http://nypost.com/2015/05/12/leon-black-will-pay-caesars-executives-81m-in-deferred-pay/?share=email,b_url132
http://ink361.com/app/users/ig-16754881/iambeckyg/photos/ig-984088018137402359_16754881,b_url133
http://irecommend.ru/content/skrab-dlya-tela-banka-agafi-kamchatskii-skrab-dlya-tela,b_url134
http://skyrock.com/videos/eDJwemxhODoxMw==-Bug-1191-Addict-a-la-branlette.html?top=3&period=,b_url135
http://distractify.com/post/related/id/55526a044a0c4b3930d5da5c/skip/30/limit/10/back/0,b_url136
http://abc.go.com/shows/jimmy-kimmel-live/episode-guide/2015-04/14-cobie-smulders-aaron-franklin-music-from-chic-featuring-nile-rodgers,b_url137
http://yourlust.com/videos/two-studs-fucks-nasty-chick-and-cum-on-her-lustful-face.html,b_url138
https://prezi.com/signup/public/?utm_source=prezi&utm_medium=web&utm_content=notification-bar&utm_campaign=newreg,b_url139
http://thenextweb.com/au/2013/08/31/25-mbps-broadband-speeds-by-2019-the-stupidest-policy-ever/gtm.start,b_url140
http://techcrunch.com/2014/02/26/apply-for-the-techcrunch-washington-dc-pitch-off-now/,b_url141
http://nypost.com/2015/05/12/amtrak-train-traveling-to-new-york-crashes-in-philadelphia/?share=email,b_url142
http://indianexpress.com/article/entertainment/bollywood/watch-bombay-velvet-song-anushka-sharma-turns-jazzy-in-fifi/,b_url143
http://fanpage.gr/family/gineka/%cf%80%cf%89%cf%82-%ce%b8%ce%b1-%ce%b5%ce%af%ce%bd%ce%b1%ce%b9-%ce%ac%cf%81%ce%b1%ce%b3%ce%b5-%cf%84%ce%bf-%cf%83e%ce%be-%cf%83%cf%84%ce%bf-%ce%bc%ce%ad%ce%bb%ce%bb%ce%bf%ce%bd/,b_url144
http://babal.net/news/view/109961/%D8%A8%D8%AF%D8%B1%D8%A7%D9%86:-%D8%AA%D8%AD%D9%85%D9%84-%D9%88%D8%B2%D8%A7%D8%B1%D8%A9-%D8%A7%D9%84%D8%AA%D8%B1%D8%A8%D9%8A%D8%A9-%D9%88%D8%A7%D9%84%D8%AA%D8%B9%D9%84%D9%8A%D9%85-%D9%85%D8%B3%D8%A6%D9%88%D9%84%D9%8A%D8%A9-%D8%AA%D9%83%D8%B1%D8%A7%D8%B1-%D8%AD%D9%88%D8%A7%D8%AF%D8%AB-%D8%A7%D9%84%D8%A7%D8%BA%D8%AA%D8%B5%D8%A7%D8%A8,b_url145
http://plarium.com/fr/jeux-de-strategie/pirates-tides-of-fortune/actualites/essai-de-feux-d-artifice/,b_url146
https://500px.com/photo/9569639/flo-bastien-360-over-par-avalanche-by-tristan-shu?from=set&set_id=316271,b_url147
http://otomoto.pl/osobowe/opel/vectra/b-1995-2002/-/sedan/zDflDTAAyQCW7oo2lKCvJYXC355dCmLOoYDwbCrNaHf.G7,b_url148
http://motthegioi.vn/van-hoa-giai-tri/showbiz/hoai-linh-tuoi-tre-voi-toc-moi-son-tung-m-tp-chuong-gu-lanh-lung-188360.html,b_url149
http://olx.ua/uk/list/q-%D0%BA%D0%B2%D0%B0%D1%80%D1%82%D0%B8%D1%80%D0%B0/?search%5Bprivate_business%5D=private,b_url150
http://nesn.com/2013/04/j-r-smith-suspended-for-game-4-after-elbowing-jason-terry-in-throat-video/,b_url151
http://depositphotos.com/stock-photos/%D1%82%D1%83%D1%80%D0%B8%D1%81%D1%82%D1%8B.html,b_url152
http://syosetu.com/searchuser/search/index.php?name1st=%E3%81%93&all=1&all2=1&all3=1&all4=1&p=11,b_url153
http://akhbarelyom.com/news/ArticleSectionList/264/1/%D8%A7%D9%84%D8%B3%D9%8A%D8%AF-%D8%A7%D9%84%D9%86%D8%AC%D8%A7%D8%B1.html,b_url154
http://uproxx.com/filmdrunk/2015/02/watch-these-porn-stars-read-their-insanely-hateful-hate-mail/,b_url155
http://katproxy.com/bob-james-obsession-flac-mp3-big-papi-contemporary-jazz-1986-t10642636.html,b_url156
https://500px.com/photo/88691579/bamby-by-wladimir-grigoruk?from=set&set_id=1853447,b_url157
http://thenextweb.com/insider/2014/10/21/mind-candy-founder-michael-acton-smith-last-year-half-really-tough/gtm.js,b_url158
http://maybank2u.com.my/mbb_info/m2u/public/personalDetail04.do?channelId=LOA-Loans&cntTypeId=0&cntKey=LOA01.11&programId=LOA01-HomeLoans&chCatId=/mbb/Personal/LOA-Loans,b_url159
http://elcomercio.pe/mundo/actualidad/infancia-y-adolescencia-vladimir-putin-noticia-1810969?flsm=1,b_url160
http://torcache.net/torrent/837A4C2ED3D70FA329CBE3C2A256CBAF2B10B30D.torrent?title=[kickass.to]rocky.1.6.saga.movies.collection.1976.2006.1080p.bluray.x264.anoxmous,b_url161
http://momoshop.com.tw/category/LgrpCategory.jsp?l_code=2113200000&Area=tooth&FTOOTH=21&mdiv=1000900000-bt_5_023_08&ctype=B,b_url162
http://ecnavi.jp/redirect/?url=http://www.accesstrade.net/at/c.html?rk=010034y3001gwf&add=%user_id%,b_url163
http://myegy.to/VideoClips/201553/I_HD_720p_I_%D9%83%D9%84%D9%8A%D8%A8_%D8%AA%D8%A7%D9%85%D8%B1_%D8%AD%D8%B3%D9%86%D9%8A_180,b_url164
http://mic.com/articles/115326/17-brown-and-proud-tweets-show-what-america-s-future-looks-like,b_url165
http://babal.net/books/view/1380/%D8%B4%D8%B1%D9%8A%D9%83%D8%A9-%D8%A7%D9%84%D8%AD%D9%8A%D8%A7%D8%A9,b_url166
http://bestblackhatforum.com/Thread-%E2%98%85%E2%98%85%E2%98%85-Supercharge-GSA-Search-Engine-Ranker-With-PA-and-DA-RANK-Like-it-s-2012-Again-%E2%98%85%E2%98%85%E2%98%85?page=3,b_url167
http://thenextweb.com/google/2014/02/05/google-building-minimal-environment-running-chrome-apps-without-full-chrome-process/gtm.js,b_url168
http://olx.ua/uk/zhivotnye/q-%D1%81%D0%BF%D0%BE%D1%80%D1%82%D0%B8%D0%B2%D0%BD%D1%8B%D0%B9-%D0%BA%D0%BE%D1%81%D1%82%D1%8E%D0%BC/,b_url169
http://lifehacker.com/5830242/do-electronic-devices-really-need-to-be-turned-off-during-takeoff-and-landing,b_url170
http://torcache.net/torrent/D2866853822A00B5786AAC03CE9D62D9B67B412B.torrent?title=[kickass.to]desktop.wallpapers.erotic.wallpaper.1050x1680.3328x4992.281pcs.2015.jpg,b_url171
http://lifehacker.com/truecrypts-security-audit-is-finally-done-with-mostly-1695243253/layer/,b_url172
http://tinnhanh360.net/mot-lanh-dao-cua-google-tu-nan-do-lo-tuyet-tren-dinh-everest.html,b_url173
http://correios.com.br/sobre-correios/recursos-humanos/plano-de-cargos-carreiras-e-salarios-pccs-2008,b_url174
http://mediaset.it/canale5/articoli/il-segreto-le-trame-dal-23-al-28-febbraio_11451.shtml,b_url175
http://otomoto.pl/oferta/kawasaki-er-er-6n-er-6n-er-6-n-er6-650-tourist-ID3hjLWs.html,b_url176
http://seekingalpha.com/news/2521906-phoenix-new-media-misses-on-earnings-guides-low-for-q2,b_url177
http://syosetu.com/searchuser/search/index.php?name1st=%E3%81%9B&all=1&all2=1&all3=1&all4=1&p=11,b_url178
http://distractify.com/post/related/id/541838f94a0c4be5088b6af2/skip/10/limit/10/back/0,b_url179
http://jalopnik.com/5219337/stile-bertone-mantide-part-corvette-zr1-part-italian-model,b_url180
http://tinnhanh360.net/nguyen-anh-9--khong-moi-khanh-ly-vi-danh-co-hoi-cho-nguoi-khac-.html,b_url181
http://motthegioi.vn/thoi-su-facebook/nu-sinh-xem-phim-den-ngu-gat-o-quan-net-my-nu-choi-voi-tran-khong-lo-188545.html,b_url182
http://metro.co.uk/2015/05/13/stop-everything-the-video-for-britney-spears-and-iggy-azaleas-pretty-girls-has-arrived-5195978/,b_url183
http://indianexpress.com/videos/sponsored/vid45554b1e0521ced814171139/brain-doping-risk-or-opportunity,b_url184
http://superuser.com/questions/836441/strange-issue-with-upgrading-bash-in-yosemite-using-homebrew,b_url185
http://correios.com.br/sobre-correios/sustentabilidade/vertente-ambiental/gestao-de-residuos-solidos,b_url186
http://pikabu.ru/story/mozhet_nakonets_budet_nayden_otvet_na_vopros_quotkto_kruche_byetmen_ili_supermenquot_3335341,b_url187
http://otomoto.pl/oferta/yamaha-tdm-tdm850-tdm-850-stan-ideal-oryginal-transalp-ID6y542w.html,b_url188
http://olx.pl/i2/motoryzacja/dostawcze-ciezarowe/naczepy/motoryzacja/dostawcze-ciezarowe/naczepy,b_url189
http://hubpages.com/hub/The-History-and-Purpose-of-the-Capability-Maturity-Model-CMM,b_url190
http://emgn.com/entertainment/15-recreations-of-childhood-photos-which-are-simply-amazing/,b_url191
http://bleacherreport.com/articles/2460865-playbook-additions-for-2015-how-teams-can-make-the-most-of-their-new-weapons,b_url192
http://stackoverflow.com/questions/20969371/apache-camel-how-to-wiretap-synchronously-or-just-send-a-copy-of-an-exchang,b_url193
http://thenextweb.com/insider/2014/10/07/squarespace-announces-major-upgrade-platform-new-getty-images-google-integrations/gtm.start/,b_url194
http://genius.com/4097787/Sam-altman-lecture-1-how-to-start-a-startup/You-may-still-fail-the-outcome-is-something-like-idea-x-product-x-execution-x-team-x-luck-where-luck-is-a-random-number-between-zero-and-ten-thousand-literally-that-much-but-if-you-do-really-well-in-the-four-areas-you-can-control-you-have-a-good-chance-at-at-least-some-amount-of-success,b_url195
http://babal.net/women/view/1959/%D9%87%D9%83%D8%B0%D8%A7-%D9%8A%D8%B9%D9%85%D9%84-%D9%85%D8%B9%D8%AC%D9%88%D9%86-%D8%A7%D9%84%D8%A7%D8%B3%D9%86%D8%A7%D9%86-%D8%B9%D9%84%D9%89-%D8%A8%D8%B4%D8%B1%D8%AA%D9%83,b_url196
http://motthegioi.vn/the-gioi-xe/maybach-57s-sieu-sang-mot-thoi-cua-nha-giau-viet-nam-188537.html,b_url197
http://babal.net/news/view/111896/%D9%82%D9%8A%D8%A7%D8%AF%D9%89-%D8%A8%D8%A7%D9%84%D9%88%D9%81%D8%AF-%D9%8A%D8%B6%D8%B9-%D8%A8%D8%B1%D9%86%D8%A7%D9%85%D8%AC%D8%A7-%D8%A5%D8%B5%D9%84%D8%A7%D8%AD%D9%8A%D8%A7-%D9%84%D9%80-%C2%AB%D9%84%D9%85-%D8%A7%D9%84%D8%B4%D9%85%D9%84%C2%BB-%D8%A7%D8%B3%D8%AA%D8%AC%D8%A7%D8%A8%D8%A9-%D9%84%D8%AF%D8%B9%D9%88%D8%A9-%C2%AB%D8%A7%D9%84%D8%B3%D9%8A%D8%B3%D9%8A%C2%BB,b_url198
http://motthegioi.vn/khach-san-resort/cung-dien-taj-lake-palace-vang-son-muon-thuo-184174.html,b_url199
http://udn.com/news/story/7255/900775-%E8%B2%A1%E7%B6%93%E8%A7%80%E9%BB%9E%EF%BC%8F%E8%AA%B2%E6%9C%9F%E4%BA%A4%E7%A8%85-%E6%8A%91%E5%88%B6%E6%8A%95%E6%A9%9F,b_url200
http://babal.net/books/view/410/%D9%82%D8%A7%D9%86%D9%88%D9%86-%D8%A7%D9%84%D9%86%D9%82%D8%A7%D8%A8%D8%A7%D8%AA-%D8%A7%D9%84%D8%B9%D9%85%D8%A7%D9%84%D9%8A%D8%A9-%D8%A7%D9%84%D8%A8%D8%AD%D8%B1%D9%8A%D9%86%D9%8A,b_url201
http://smallseotools.com/blog/how-to-make-the-most-out-of-content-management-systems/,b_url202
http://babal.net/women/view/1917/%D8%B7%D8%B1%D9%8A%D9%82%D8%A9-%D8%AA%D8%AD%D8%B6%D9%8A%D8%B1-%D8%B3%D9%85%D8%A8%D9%88%D8%B3%D9%83-%D8%AD%D8%A7%D8%B1%D8%A9-%D9%85%D8%B9-%D8%AC%D8%A8%D9%86%D8%A9-%D9%83%D8%B1%D8%A7%D9%81%D8%AA-%D8%AA%D8%B4%D9%8A%D8%AF%D8%B1,b_url203
http://jezebel.com/5986907/kim-kardashians-new-more-private-life-includes-nude-mag-covers,b_url204
http://sourceforge.net/directory/business-enterprise/add_facet_filter?facet=language&constraint=Visual+Basic,b_url205
http://emgn.com/tv/watch-these-portraits-of-pregnant-sleeping-couples-are-intimate-and-revealing/,b_url206
http://bdnews24.com/politics/2015/04/28/ajm-nasir-uddin-confident-of-chittagong-win,b_url207
http://mic.com/articles/116808/293-women-and-girls-rescued-from-boko-harem-terrorist-group-in-nigeria,b_url208
http://mentalfloss.com/article/62518/emotionally-scar-your-typophile-friends-comic-papyrus,b_url209
http://techcrunch.com/video/day-one-recap-with-anthony-ha-colleen-taylor-mike-butcher/518806779/,b_url210
http://distractify.com/post/related/id/554bc6cf4a0c4bd722066a75/skip/30/limit/10/back/0,b_url211
https://twitter.com/home?status=%E3%83%8C%E3%81%91%E3%82%8B%EF%BC%81%E3%80%90%E7%B4%A0%E4%BA%BA%E3%80%91+http%3A%2F%2Fero-video.net%2Ft%2FaKpBPTaxcF6C8SeP+%E5%A3%B2%E6%98%A5%E5%A9%A6%E3%81%AE%E3%81%8A%E4%BB%95%E4%BA%8B%E3%82%92%E5%85%AC%E9%96%8B%E3%81%97%E3%81%BE%E3%81%99+%23ero+%23douga+%23agesage,b_url212
http://venturebeat.com/2014/10/23/will-the-check-in-survive-foursquares-controversial-relaunch-by-the-numbers/,b_url213
http://cheezburger.com/8491500544/funny-animated-gifs-have-you-ever-soccered?ref=leftarrow&siteId=75,b_url214
http://jezebel.com/charlie-sheen-denounces-phil-robertsons-bigotry-with-a-1488077910,b_url215
http://uproxx.com/tv/2015/05/amy-schumer-makes-fun-of-all-those-male-geared-beer-commercials-with-a-new-parody-ad/,b_url216
http://momoshop.com.tw/category/LgrpCategory.jsp?l_code=2104700000&Area=tooth&FTOOTH=21&mdiv=1000900000-bt_5_023_06&ctype=B,b_url217
http://otomoto.pl/maszyny-budowlane/nowe-ogloszenie/JOcK7gzdoyrcIT2176iLzhCz8UoPOGcT6Y1ax8FNTPf.l7,b_url218
http://emgn.com/entertainment/top-brands-erase-women-from-print-ads-can-you-guess-why/,b_url219
http://themeforest.net/item/charm-portfolio-for-freelancers-agencies/full_screen_preview/11364023,b_url220
http://metro.co.uk/2014/08/15/big-brother-2014s-ash-harrison-i-dont-fancy-helen-wood-4834703/,b_url221
http://twitter.com/home?status=%E3%83%8C%E3%81%91%E3%82%8B%EF%BC%81%E3%80%90%E7%B4%A0%E4%BA%BA%E3%80%91+http%3A%2F%2Fero-video.net%2Ft%2FzmDvRyl0vZtvTGgO+%E3%82%A2%E3%83%8A%E3%83%AB%E3%81%AB%E3%83%AD%E3%83%BC%E3%82%BF%E3%83%BC%E3%82%92%E5%85%A5%E3%82%8C%E3%81%9F%E3%81%BE%E3%81%BE%EF%BC%B3%EF%BC%A5%EF%BC%B8+%23ero+%23douga+%23agesage,b_url222
http://tunein.com/radio/680-News-s31147/15480783/ca-pub-1542925551861702/StationLeader,b_url223
http://techcrunch.com/video/its-like-uber-for-enterprise-jobs-work-markets-stephen-dewitt/518807398/,b_url224
http://mic.com/articles/117506/9-ways-nasa-has-changed-your-life-that-you-probably-didn-t-know,b_url225
http://nguyentandung.org/1-900-ty-dong-xay-nha-may-xu-ly-nuoc-thai-cho-ba-quan-o-sai-gon.html,b_url226
http://wpengine.com/support/how-to-cancel-if-wp-engine-is-not-a-good-fit-for-my-needs/,b_url227
http://distractify.com/post/related/id/5419a0d24a0c4b49308b45af/skip/50/limit/10/back/0,b_url228
http://tobogo.net/cdsb/board.php?board=scary&bm=view&no=90&category=&auth=&page=1&search=&keyword=&recom=,b_url229
http://web.de/magazine/gesundheit/blog/ulli-goebl/kleine-nothelfer-heisshunger-30406362,b_url230
http://mylust.com/videos/104907/my-skinny-adorable-babe-likes-rough-penetrating-in-her-cunt/,b_url231
http://stackoverflow.com/questions/1335851/what-does-use-strict-do-in-javascript-and-what-is-the-reasoning-behind-it,b_url232
http://metro.co.uk/2015/05/13/whet-your-appetite-for-star-wars-episode-7-with-this-amazing-chewbacca-hoodie-5194830/,b_url233
http://interpark.com/displaycorner/FreeMarket.do?_method=itemCateList&free1=pc&free2=007001006003&free3=item&disp_no=007001006003,b_url234
http://olx.ua/uk/i2/kiev/obyavlenie/bosonozhki-chicco-horoshee-sostoyanie-IDdY6ik.html,b_url235
http://extratorrent.cc/torrent/4189682/JAV+Censored+DVAJ-0043+Rookie+Birth+Debut+Special+4+Hours.html,b_url236
http://babal.net/women/view/587/%D8%B6%D9%8A%D9%81%D9%8A-%D9%84%D9%85%D8%B3%D8%A7%D8%AA-%D9%81%D9%86%D9%8A%D8%A9-%D9%84%D8%A8%D9%8A%D8%AA%D9%83,b_url237
http://plarium.com/ru/igri-strategii/kodeks-pirata/novosti/bitva-za-flot-ee-velichestva/,b_url238
http://mylust.com/videos/67044/teeny-pale-skin-babe-from-hong-kong-gives-private-webcam-show/,b_url239
http://mic.com/articles/117370/baltimore-reveals-why-we-need-our-musicians-now-more-than-ever,b_url240
http://mic.com/articles/99772/11-ridiculous-questions-we-need-to-stop-asking-homeless-people,b_url241
http://nguyentandung.org/xet-xu-59-bi-cao-trong-duong-day-ca-do-nghin-ti-tren-m88.html,b_url242
http://diply.com/bundles/scripts_core?v=jSbxODOA2FdkaTKU0CHYucvrDCVvXo3-fqdwDm8A-pY1,b_url243
http://buzzfil.net/article/5394/lol/40-traductions-chinoises-a-mourir-de-rire-9.html?href=inner_website,b_url244
http://katproxy.com/prometheus-2012-cee-3d-blu-ray-avc-dts-hd-ma-7-1-iso-t10642629.html,b_url245
http://buzzfil.net/article/5666/non-classe/une-femme-aveugle-se-rend-a-son-echographie-la-surprise-que-lui-reserve-le-docteur-est-trop-touchante-9.html?href=inner_website,b_url246
http://moviepilot.com/posts/2014/09/07/is-vampire-academy-2-happening-probably-not-let-s-look-at-why-2252606,b_url247
http://skyrock.com/videos/eDJvOTByNDoxMw==-Maitre-Gims-presente-Est-ce-que-tu-m-aimes-en-EXCLU-sur-Skyrock.html?top=3&period=daily,b_url248
http://abc.go.com/shows/the-bachelorette/video/kaitlyn-bristowe-season-19-bachelor-highlights/VDKA0_wyphgcs3,b_url249
http://tobogo.net/cdsb/board.php?board=novel&bm=view&no=4&category=&auth=&page=1&search=&keyword=&recom=,b_url250
http://torcache.net/torrent/88F49AA6DBCE1F5285DB6D8710FD6D09BBF7FDDF.torrent?title=[kickass.to]the.redwood.massacre.2014.720p.brrip.x264.yify,b_url251
http://ringring.vn/rung-ron-nghich-tu-noi-dien-giet-cha-phan-xac-quang-vao-chuong-lon-116086.html,b_url252
http://eenadu.net/Specialpages/ruchulu/Ruchuluinner.aspx?qry=tiffins_snacks020315-3,b_url253
https://twitter.com/share?url=http%3A%2F%2Fhubpages.com%2Fhub%2FSciatic-Nerve-Pain-Relief-Home-Natural-Remedies&text=Sciatic+Pain+-+Natural+Treatments+%26+Home+Remedies,b_url254
http://torcache.net/torrent/AE99EFF25F366673DA15F4CFE6D6164A1AF01BCD.torrent?title=[kickass.to]the.walking.dead.s04e05.hdtv.x264.2hd.ettv,b_url255
http://emgn.com/entertainment/17-moments-when-the-force-of-nature-reclaimed-back-its-territory/,b_url256
http://censor.net.ua/resonance/334389/pro_dyuch_shemi_vanyuschenka_ta_h_lobsta_u_vr,b_url257
http://kienthuc.net.vn/diem-thi/diem-chuan-dai-hoc-duoc-ha-noi-nam-2014-482409.html,b_url258
http://elcomercio.pe/gastronomia/bares-y-copas/poder-femenino-barwoman-que-sorprendio-world-class-noticia-1810328?ref=portada_&ft=megamenu&e=foto_5,b_url259
http://udn.com/news/story/7264/898584-%E9%81%8A%E6%AD%90%E9%81%87%E5%B0%8F%E9%AE%AE%E8%82%89-%E6%9D%8E%E4%BD%B3%E7%8E%B2%E5%BF%8D%E7%97%9B%E6%8B%92%E5%98%97,b_url260
http://superuser.com/questions/479844/trust-bluetooth-4-0-dongle-and-bluetooth-headset,b_url261
http://metro.co.uk/2015/05/11/kim-kardashian-ambushed-by-animal-rights-activists-during-selfish-book-signing-5192173/,b_url262
http://udn.com/news/story/7089/897893-%E6%89%80%E6%9C%89%E9%81%8A%E6%88%B2%E9%83%BD%E4%BB%A5%E7%A5%9E%E5%A5%87%E5%AF%B6%E8%B2%9D%E5%91%88%E7%8F%BE%E6%9C%83%E6%98%AF%E4%BB%80%E9%BA%BC%E6%A8%A3%E5%AD%90%EF%BC%9F,b_url263
http://olx.in/hi/uttarpradesh/q-%7Bq%7D/?utm_source=google&utm_medium=search&utm_campaign=search_organic,b_url264
http://akhbarelyom.com/news/newdetails/411507/1/%D8%A5%D8%B3%D8%B1%D8%A7%D8%A6%D9%8A%D9%84-%D9%85%D8%B5%D8%B1-.html,b_url265
http://perezhilton.com/2015-05-12-blac-chyna-full-custody-of-son-king-cairo-with-tyga/?from=readmore_perezhilton&,b_url266
http://archiveofourown.org/tags/Seto%20Kentarou*s*Hanamiya%20Makoto*s*Furuhashi%20Koujirou/works,b_url267
https://cox.com/ibill/sign-in.cox?onsuccess=https%3A%2F%2Fcox.com%2Fibill%2Fhome.cox&onfailure=http%3A%2F%2Fcox.com%2Fibill%2Fsign-in.cox,b_url268
http://distractify.com/post/related/id/55033a0c4a0c4bc821caa830/skip/30/limit/10/back/0,b_url269
http://otomoto.pl/oferta/vespa-gt-granturismo-125-kat-b-okazja-bdb-stan-ID6y3w8n.html,b_url270
http://allrecipes.com/video/4030/how-to-make-rhubarb-crisp/detail.aspx?prop24=VH_FeaturedVideo,b_url271
http://nesn.com/2015/04/claude-julien-poor-third-period-doomed-bruins-in-loss-to-panthers-video/,b_url272
http://extratorrent.cc/torrent/4191167/%5BMichelleThornExxxposed%5D+Michelle%2C+Alyssa+Oil+%2805.14.2015%29.html,b_url273
http://searchengineland.com/google-shopping-campaigns-now-available-globally-184594,b_url274
http://olx.in/hi/i2/all-results/?q={q}&utm_source=google&utm_medium=search&utm_campaign=search_organic,b_url275
http://smallseotools.com/blog/web-design-tips-to-entice-readers-promote-user-interaction/,b_url276
http://extratorrent.cc/search/?search=if%20you%27re%20reading%20this%20it%27s%20too%20late%20lyrics,b_url277
http://h2porn.com/videos/rui-shiina-looks-dashing-with-her-shaved-pussy-nailed-right/,b_url278
http://arstechnica.com/tech-policy/2015/05/house-votes-338-88-to-stop-bulk-phone-surveillance/?comments=1,b_url279
http://oneplus.net/ca_en/support/answer/i-can-t-find-my-country-in-the-shipping-field,b_url280
http://superuser.com/questions/828627/do-the-temperatures-indicate-my-laptop-healthy,b_url281
http://pikabu.ru/tag/%D0%BA%D1%83%D0%B2%D1%8B%D1%80%D0%BE%D0%BA%20%D1%87%D0%B5%D1%80%D0%B5%D0%B7%20%D0%BF%D1%83%D0%BF%D0%BE%D0%BA/hot,b_url282
http://mic.com/articles/108320/last-night-s-bachelor-episode-was-everything-wrong-with-how-we-talk-about-virginity,b_url283
http://torcache.net/torrent/6CE6B8866F4EFFA86F8FB78C9D8237FF83950AD5.torrent?title=[kickass.to]vivid.owari.no.seraph.05.3585f7d4.mkv,b_url284
http://torcache.net/torrent/70F7BDD60F7F1851EA8E8E176EFFE81A39405E3F.torrent?title=[kickass.to]fourfourtwo.june.2015.uk.pdf,b_url285
http://metro.co.uk/2015/05/13/real-madrid-v-juventus-8-reasons-why-gareth-bale-is-actually-still-class-5195392/,b_url286
http://torrentdn.com/bbs/s.php?bo_table=torrent_movie&wr_id=160576&k=%ED%82%B9%EC%8A%A4%EB%A7%A8&page=1,b_url287
http://indianexpress.com/article/trending/new-911-documentary-captures-ground-zero-before-towers-collapsed/,b_url288
http://torcache.net/torrent/22EB67A7D4293F93ECB4B3342EC480362DD99DB8.torrent?title=[kickass.to]the.walking.dead.s04.special.inside.the.walking.dead.720p.hdtv.x264.w4f.rartv,b_url289
http://pikabu.ru/tag/%D0%B7%D0%B0%D0%BC%D0%B5%D0%B4%D0%BB%D0%B5%D0%BD%D0%B8%D0%B5%20%D0%B2%D1%80%D0%B5%D0%BC%D0%B5%D0%BD%D0%B8/hot,b_url290
http://buzzfil.net/article/5664/photo-look/voici-le-top-25-des-agents-qui-savent-se-divertir-2.html?href=inner_website,b_url291
http://sfglobe.com/2015/03/31/a-journalist-uses-the-internet-to-help-her-find-her-doppelgnger/,b_url292
http://deadspin.com/alex-ovechkin-were-going-to-come-back-and-win-the-ser-1703564800,b_url293
http://uproxx.com/tv/2014/10/please-enjoy-every-grunt-from-tim-allen-on-home-improvement-at-25-percent-speed/?utm_source=feedburner&utm_medium=feed&utm_campaign=Feed%3A+uproxx%2Fwarmingglow+%28Warming+Glow%29,b_url294
http://torcache.net/torrent/A3754D728171735B110982938A9CD0E56D17138B.torrent?title=[kickass.to]kuch.kuch.locha.hai.2015.1cd.dvdscr.rip.hindi.x264.mp3.mafiaking.m2tv,b_url295
http://plarium.com/es/juegos-de-estrategia/pirates-tides-of-fortune/noticias/preparate-para-toda-una-nueva-experiencia-auditiva-en-los-siete-mares/,b_url296
http://metro.co.uk/2015/05/13/dogs-in-swings-are-the-best-thing-weve-seen-like-ever-5195202/,b_url297
http://maybank2u.com.my/mbb_info/m2u/public/personalChannel02.do?channelId=BBSME-PaymentSolutions&chCatId=/mbb/BBSME/BBSME-PaymentSolutions,b_url298
http://babal.net/books/view/407/%D9%82%D8%A7%D9%86%D9%88%D9%86-%D8%BA%D8%B1%D9%81-%D8%A7%D9%84%D8%AA%D8%AC%D8%A7%D8%B1%D8%A9-%D8%A7%D9%84%D8%A7%D8%B1%D8%AF%D9%86%D9%8A,b_url299
http://seesaawiki.jp/pathofexile/d/%a5%e6%a5%cb%a1%bc%a5%af%a5%a2%a5%a4%a5%c6%a5%e0%a5%ea%a5%b9%a5%c8,b_url300
http://himado.in/?keyword=%E9%9F%BF%E3%81%91%EF%BC%81%E3%83%A6%E3%83%BC%E3%83%95%E3%82%A9%E3%83%8B%E3%82%A2%E3%83%A0,b_url301
http://qz.com/349501/some-mainland-chinese-tourists-have-given-up-on-post-umbrella-hong-kong/,b_url302
http://olx.co.id/i2/hobi-olahraga/buku-majalah/sejarah/hobi-olahraga/buku-majalah/sejarah,b_url303
https://www.gov.uk/government/policies/climate-change-impact-in-developing-countries,b_url304
http://seesaawiki.jp/pathofexile/d/1%2e2%2e0%20Patch%20Notes%20%2d%20Forsaken%20Masters,b_url305
http://pornsharing.com/young-sex-slave-anita-bellini-takes-fat-dick-in-every-hole_v73966,b_url306
http://nguyentandung.org/truc-thang-roi-o-pakistan-hai-dai-su-nuoc-ngoai-thiet-mang.html,b_url307
https://twitter.com/home?status=%E3%83%8C%E3%81%91%E3%82%8B%EF%BC%81%E3%80%90%E3%83%95%E3%82%A7%E3%83%A9%E3%83%81%E3%82%AA%E3%80%91+http%3A%2F%2Fero-video.net%2Ft%2Fa0RTcdfFXYeDBC0E+%E3%82%B9%E3%83%AC%E3%83%B3%E3%83%80%E3%83%BC%E3%81%8A%E5%A7%89%E3%81%95%E3%82%93%E3%81%AE%E3%83%95%E3%82%A7%E3%83%A9+%23ero+%23douga+%23agesage,b_url308
http://babal.net/news/view/111881/%D9%85%D8%B5%D8%A7%D8%AF%D8%B1:-%D9%86%D9%82%D9%84-%D8%A2%D8%AB%D8%A7%D8%B1-%D9%85%D8%AA%D8%AD%D9%81-%D8%A7%D9%84%D8%B9%D8%B1%D9%8A%D8%B4-%D8%A5%D9%84%D9%89-%D8%A7%D9%84%D8%AD%D8%B6%D8%A7%D8%B1%D8%A9-%D9%84%D8%AD%D9%85%D8%A7%D9%8A%D8%AA%D9%87%D8%A7-%D9%85%D9%86-%D8%A7%D9%84%D9%87%D8%AC%D9%85%D8%A7%D8%AA-%D8%A7%D9%84%D8%A5%D8%B1%D9%87%D8%A7%D8%A8%D9%8A%D8%A9,b_url309
http://io9.com/there-s-only-one-army-that-really-matters-on-game-of-th-1703547280/templates/closure/,b_url310
http://syosetu.com/searchuser/search/index.php?name1st=%E3%82%8A&all=1&all2=1&all3=1&all4=1&p=11,b_url311
http://interpark.com/displaycorner/FreeMarket.do?_method=itemAreaList&area1=%EC%9D%B8%EC%B2%9C%EA%B4%91%EC%97%AD%EC%8B%9C&area2=%EB%B6%80%ED%8F%89%EA%B5%AC,b_url312
http://torcache.net/torrent/83A530A185E17923E9E35DA6F6E462E9B88ECC95.torrent?title=[kickass.to]100.greatest.world.cinema.themes.mp3.320kbps.3cd.2015.baby,b_url313
http://thenextweb.com/apps/2015/05/11/you-can-now-pre-register-for-apps-on-the-google-play-store/gtm.start,b_url314
http://kenh14.vn/kham-pha/check-phan-ung-vat-ly-hoa-hoc-qua-thi-nghiem-sieu-thu-vi-20150223120843457.chn,b_url315
http://icicibank.com/Personal-Banking/insta-banking/internet-banking/cardless-cash-withdrawal.page,b_url316
http://ap.org/Content/AP-In-The-News/2015/Editor-reporter-Pia-Sarkar-named-APs-deputy-editor-for-east-region,b_url317
http://cookpad.com/recipe/list/212659?utf8=%E2%9C%93&keyword=%E3%82%B5%E3%83%A9%E3%83%80,b_url318
http://distractify.com/post/related/id/5418383a4a0c4be6048b7601/skip/10/limit/10/back/0,b_url319
http://torcache.net/torrent/829D171B555EEC39F861967857E3BAAE21C5C1DC.torrent?title=[kickass.to]pyramide.2014.french.bdrip.xvid.glups,b_url320
http://interpark.com/displaycorner/FreeMarket.do?_method=itemAreaList&area1=%EC%84%9C%EC%9A%B8%ED%8A%B9%EB%B3%84%EC%8B%9C&area2=%EC%9A%A9%EC%82%B0%EA%B5%AC,b_url321
http://torcache.net/torrent/BA011B44E9899EB28CFD5FCB72339B991A2ECC70.torrent?title=[kickass.to]va.the.music.of.grand.theft.auto.v.limited.edition.ost.3cd.box.set.2014.flac,b_url322
http://kenh14.vn/sport/hoc-tro-cua-hlv-wenger-se-dan-dat-hoc-vien-nutifood-hagl-o-tphcm-20150507115551396.chn,b_url323
http://1337x.to/torrent/1058353/The-Theory-of-Everything-2014-1080p-BrRip-x264-YIFY/,b_url324
http://mic.com/articles/116869/apple-may-have-another-bendgate-on-its-hands-and-it-s-all-thanks-to-tattoos,b_url325
http://seesaawiki.jp/w/tag_guide/d/%ba%b8%b4%f3%a4%bb%a1%a2%a5%bb%a5%f3%a5%bf%a5%ea%a5%f3%a5%b0%a1%a2%b1%a6%b4%f3%a4%bb,b_url326
http://sfglobe.com/2015/04/27/she-transforms-her-life-after-watching-an-episode-of-oprah/,b_url327
http://kienthuc.net.vn/dieu-tri-mo-mau-mo-gan-tim-mach/mau-nhiem-mo-can-benh-cua-thoi-dai-448768.html,b_url328
http://techcrunch.com/2014/07/21/how-monsieur-shook-up-disrupt-sf-with-its-bartending-robot/,b_url329
http://stackoverflow.com/questions/11955912/treeview-treenode-vb-net-not-displaying-nodes,b_url330
http://distractify.com/post/related/id/555217cd4a0c4b5153d5da5f/skip/40/limit/10/back/0,b_url331
http://twitter.com/home?status=%E3%83%8C%E3%81%91%E3%82%8B%EF%BC%81%E3%80%90%E5%B7%A8%E4%B9%B3%E3%80%91+http%3A%2F%2Fero-video.net%2Ft%2FME401gzLuYQO1k80+%E5%B7%A8%E4%B9%B3%E3%82%BB%E3%82%AF%E3%82%B7%E3%83%BC%E3%83%80%E3%83%B3%E3%82%B9+%23ero+%23douga+%23agesage,b_url332
http://otomoto.pl/oferta/citroen-c4-picasso-c4-gr-picasso-hdi-exclusive-2-0-hdi-sal-ID4pa89n.html,b_url333
http://twitter.com/home?status=%E3%83%8C%E3%81%91%E3%82%8B%EF%BC%81%E3%80%90%E3%82%B2%E3%82%A4%E3%80%91+http%3A%2F%2Fero-video.net%2Ft%2FQCDMSJZ5urj8wqkC+%E3%82%AF%E3%83%9E%E7%B3%BB%E3%82%B2%E3%82%A4%E3%81%AE%E4%B9%B1%E4%BA%A4+%23ero+%23douga+%23agesage,b_url334
http://kenh14.vn/xa-hoi/vit-bom-hoi-khong-kiem-dich-bien-thanh-dac-san-20150210034832194.chn,b_url335
https://prezi.com/support/article/sharing/why-is-my-prezi-still-listed-by-search-engines/,b_url336
https://medium.com/backchannel/this-video-game-solved-the-problem-of-learning-guitar-d0fcea6f0d3b,b_url337
http://askubuntu.com/questions/539098/whats-the-fastest-way-to-extract-just-one-channel-left-or-right-from-an-audio,b_url338
http://extratorrent.cc/torrent_download/4190635/Graphicriver+Matrix+Rain+Effect+PS+Action+11414959.torrent,b_url339
http://motthegioi.vn/quoc-te/soc-ukraine-de-chat-thai-hat-nhan-ngoai-troi-sat-vung-chien-su-188445.html,b_url340
http://techcrunch.com/video/anthony-ha-ingrid-lundens-thoughts-on-day-two/518807897/,b_url341
http://nguyentandung.org/cai-gian-khoan-chet-tiet-va-nhan-thuc-cua-nguoi-viet-ve-ban-thu.html,b_url342
http://babal.net/books/view/911/%D9%85%D8%B9%D9%84%D9%88%D9%85%D8%A7%D8%AA-%D8%B9%D9%86---%D9%83%D8%AA%D8%A7%D8%A8-%D8%A7%D9%84%D8%A3%D8%AE%D8%AA%D8%B1%D8%A7%D9%82-%D9%88-%D8%B7%D8%B1%D9%82-%D8%A7%D9%84%D8%AD%D9%85%D8%A7%D9%8A%D8%A9-%D9%85%D9%86%D9%87,b_url343
http://thechive.com/2015/05/11/british-tv-host-knows-how-to-quiet-an-audience-video/,b_url344
http://mashable.com/people/55229c08519840114904cb2a/2015/05/12/castlevania-successor-kickstarter-koji-igarashi,b_url345
http://otomoto.pl/maszyny-rolnicze/EW4Hou_aN610rPsocimkJ_IuLBofatBy4b0MLqoh7Lf.B7/EW4Hou_aN610rPsocimkJ_IuLBofatBy4b0MLqoh7Lf.B7,b_url346
http://mashable.com/category/advertising/2015/05/04/justin-timberlake-lime-sauza-901,b_url347
http://cheezburger.com/8492094976/superheroes-joker-dc-is-a-60-year-old-woman?ref=leftarrow&siteId=91,b_url348
http://olx.co.id/i2/keperluan-pribadi/fashion-pria/celana/keperluan-pribadi/fashion-pria/celana,b_url349
https://medium.com/@brianforde/hi-matt-that-s-good-to-hear-i-think-one-of-the-challenges-with-material-business-changes-is-8a19057a0114?source=latest,b_url350
http://interpark.com/product/MallDisplay.do?_method=Detail&sc.shopNo=0000100000&sc.dispNo=001930&sc.prdNo=1573030003&bm1=top&bm2=ctr_prd,b_url351
http://slashdot.org/submission/2076397/all-19-studies-on-what-filesharing-studies-really-say-posted,b_url352
http://fanpage.gr/life/igia/%ce%bf%ce%b4%ce%bf%ce%bd%cf%84%cf%8c%ce%ba%cf%81%ce%b5%ce%bc%ce%b5%cf%82-%cf%84%ce%b5%ce%bb%ce%bf%cf%83-%ce%b8%ce%b5%cf%82-%ce%bf%ce%bb%cf%8c%ce%bb%ce%b5%cf%85%ce%ba%ce%b1-%ce%ba%ce%b1%ce%b9-%cf%85/,b_url353
http://fortune.com/2014/04/29/lowes-goes-big-on-home-improvement-startup-porch-com/,b_url354
http://mic.com/articles/118172/14-photos-from-the-devastating-amtrak-train-derailment-outside-philadelphia,b_url355
http://squarespace.com/press/2014/5/23/make-them-click-the-secrets-of-successful-landing-pages,b_url356
http://thenextweb.com/google/2014/02/26/following-developer-requests-google-delays-blocking-extensions-chrome-web-store-may-1/,b_url357
http://mixi.jp/share.pl?u=http://alfalfalfa.com/articles/117853.html&k=e09afc106e473491952cfe324aa83aabe5b07446,b_url358
http://kickass.to/leopard-raws-jojo-no-kimyou-na-bouken-stardust-crusaders-egypt-hen-18-raw-mbs-1280x720-x264-aac-mp4-t10639718.html,b_url359
http://himado.in/?keyword=%E7%AC%AC501%E7%B5%B1%E5%90%88%E6%88%A6%E9%97%98%E8%88%AA%E7%A9%BA%E5%9B%A3%E3%80%8E+STRIKES+%E3%80%8F,b_url360
http://ap.org/Content/Press-Release/2014/AP-distributes-style-guide-of-holiday-terms,b_url361
http://syosetu.com/searchuser/search/index.php?name1st=%E3%81%AD&all=1&all2=1&all3=1&all4=1&p=2,b_url362
http://otomoto.pl/maszyny-rolnicze/EW4Hou_aN610rPsocimkJ_IuLBofatBy4b0MLqoh7Lf.B7/gtm.js,b_url363
https://www.gov.uk/government/policies/radioactive-and-nuclear-substances-and-waste,b_url364
http://olx.in/hi/all-results/?utm_source=google&utm_medium=search&utm_campaign=search_organic&page=2&q=,b_url365
http://atwiki.jp/wiki/%EF%BC%AC%EF%BD%89%EF%BD%87%EF%BD%88%EF%BD%94%EF%BD%93%20%E6%94%BB%E7%95%A5,b_url366
http://themeforest.net/item/brooklyn-creative-one-page-multipurpose-theme/full_screen_preview/6221179,b_url367
http://ap.org/Content/Press-Release/2012/AP-signs-the-Daily-Mail-for-online-video-delivery-platform,b_url368
http://ringring.vn/dat-hong-dang-va-kang-tae-oh-tuoi-thanh-xuan-len-ban-can-114271.html,b_url369
http://bigcinema.tv/tag/%D0%BA%D1%80%D0%B8%D0%BC%D0%B8%D0%BD%D0%B0%D0%BB%D1%8C%D0%BD%D1%8B%D0%B9%20%D1%84%D0%B8%D0%BB%D1%8C%D0%BC,b_url370
http://olx.ro/i2/electronice-si-electrocasnice/laptop-calculator/laptop-uri/js/spring.js,b_url371
http://distractify.com/post/related/id/551ef50f4a0c4bd27d30aed4/skip/30/limit/10/back/0,b_url372
http://extratorrent.cc/torrent/4191163/%5BMichelleThornExxxposed%5D+Michelle%2C+Chantelle+Kane+%2805.14.2015%29.html,b_url373
http://seekingalpha.com/author/sa-transcripts/research?source=follow_top_learn_more,b_url374
https://medium.com/@abbymnorman/motherless-daughter-s-day-87a7e0d9c8d5?source=has-recommended,b_url375
http://myegy.to/EnglishSeries/226145/%D8%A7%D9%84%D8%AD%D9%84%D9%82%D8%A9_22%D9%85%D9%86_%D8%A7%D9%84%D9%85%D9%88%D8%B3%D9%856_%D9%84%D9%85%D8%B3%D9%84%D8%B3%D9%84_%D8%A7%D9%84%D8%AF%D8%B1%D8%A7%D9%85%D8%A7_%D9%88%D8%A7%D9%84%D8%AC%D8%B1%D9%8A%D9%85%D9%87_The_Good_Wife_S06E22,b_url376
http://distractify.com/post/related/id/554b8eec4a0c4b693d066a73/skip/10/limit/10/back/0,b_url377
http://mashable.com/people/55351593b589e459fc064796/2015/04/29/russian-cargo-spaceship-iss,b_url378
http://esporte.uol.com.br/futebol/campeonatos/gaucho/ultimas-noticias/2015/05/12/contraprova-de-exame-antidoping-da-positivo-e-magrao-tera-que-provar-doenca.htm,b_url379
http://mashable.com/people/55351593b589e459fc064796/2015/05/07/russian-progress-mission-ends,b_url380
http://mylust.com/videos/79701/drunk-cheating-wife-of-my-friend-asked-me-to-fuck-her-asshole/,b_url381
http://perezhilton.com/cocoperez/2015-05-04-met-gala-2015-ellie-goulding-red-carpet/?from=post,b_url382
http://mediaset.it/rete4/articoli/ricette-all-italiana-risotto-con-asparagi-e-uovo-in-camicia_12061.shtml,b_url383
http://correios.com.br/para-sua-empresa/comunicacao/certificados-digitais/recomendacoes-e-restricoes,b_url384
http://dantri.com.vn/video-30048/quy-trinh-giam-dinh-nguyen-nhan-cai-chet-cua-nghi-can-kieu-co-nhieu-bat-thuong-p1.htm,b_url385
http://censor.net.ua/quotes/all/page/1/hero/0/category/263/interval/5/author/0/sortby/date,b_url386
http://buzzfil.net/article/5430/lol/voici-a-quoi-ressemblerait-facebook-s-il-etait-accessible-aux-animaux-2.html?href=inner_website,b_url387
http://tunein.com/radio/Thomas-McGuane-Crow-Fair-May-14-2015-p728383/15480783/ca-pub-1542925551861702/ProgramTopBanner,b_url388
https://myspace.com/article/2015/5/1/avengers-age-of-ultron-276-million-thursday-night,b_url389
http://codecanyon.net/item/visual-composer-post-and-page-converter-vc-add-on/11116331,b_url390
http://torcache.net/torrent/4ED57CEB54C8506809219CCBB967FA4A77D90246.torrent?title=[kickass.to]18.fifty.shades.of.grey.2015.censored.version.english.movies.720p.hc.hdrip.aac.new.sample.rdx,b_url391
http://olx.co.id/motor/q-%7Bq%7D/?utm_source=google&utm_medium=search&utm_campaign=search_organic,b_url392
http://mylust.com/videos/227357/busty-hot-blonde-wife-stretched-her-mouth-to-tease-me/,b_url393
http://web.de/magazine/unterhaltung/lifestyle/baby-katze-schliesst-pitbull-freundschaft-30450526,b_url394
http://themeforest.net/item/salient-responsive-multipurpose-theme/full_screen_preview/4363266,b_url395
http://bestblackhatforum.com/Thread-%E2%9E%BD%E2%9E%BD%E2%9E%BD-Ultimate-social-poster-Facebook-Twitter-Pinterest-Google-LinkedIn-all-in-one?action=newpost,b_url396
https://hootsuite.com/resources/guide/A-Guide-to-Evaluating-Enterprise-Social-Relationship-Platforms,b_url397
https://www.gov.uk/government/organisations/civil-service-government-statistical-service,b_url398
http://mylust.com/videos/79399/i-waited-till-the-moment-when-my-girlfriend-made-herself-squirt/,b_url399
http://ap.org/Content/Press-Release/2012/AP-Captures-the-World-photo-exhibit-to-open-in-Tokyo,b_url400
http://thenextweb.com/apps/2015/05/12/tripmode-for-mac-frees-you-from-mobile-data-nightmares/,b_url401
http://indianexpress.com/article/opinion/columns/inflation-is-bad-but-is-deflation-good/,b_url402
http://comicbook.com/2015/04/18/guardians-of-the-galaxy-stars-chris-pratt-and-bradley-cooper-nam/,b_url403
http://duckduckgo.com/d.js?q=Electronic%20Frontier%20Foundation&t=A&l=wt-wt&p=1&s=0&dl=en&ck=news_electronic%20frontier%20foundation&ct=CA,b_url404
http://fishki.net/video/1530701-takoj-naglosti-vy-ewe-ne-videli.html?pid=1530701&gid=2000352,b_url405
http://olx.ua/uk/i2/list/?q={q}&utm_source=google&utm_medium=search&utm_campaign=search_organic,b_url406
http://thenextweb.com/insider/2014/06/27/how-build-globally-successful-startup-small-country/gtm.start,b_url407
https://twitter.com/share?url=http%3A%2F%2Fhubpages.com%2Fhub%2FHow-to-Change-the-Water-in-Your-Freshwater-Aquarium-the-Easy-Way&text=How+to+Change+the+Water+in+Your+Freshwater+Aquarium+the+Easy+Way,b_url408
http://censor.net.ua/photo_news/244514/zaharchenko_obnovil_avtopark_mvd_na_1220_novenkih_toyota_prius_fotoreportaj,b_url409
http://indianexpress.com/photos/picture-gallery-others/nepal-earthquake-angry-citizens-protest-against-slow-rescue-operations/,b_url410
http://olx.ro/i2/auto-masini-moto-ambarcatiuni/camioane-utilaje-rulote-remorci/gtm.start,b_url411
http://themeforest.net/item/relion-multipurpose-joomla-template/full_screen_preview/11315679,b_url412
https://privatbank.ua/ua/business/srednemu-i-krupnomu-biznesu/raschetno-kassovoye-obsluzhivaniye/,b_url413
http://tunein.com/radio/999-Virgin-Radio-s31250/15480783/ca-pub-1542925551861702/Station,b_url414
https://moz.com/blog/rebrand-or-redirect-my-site-consolidate-multiple-sites-whiteboard-friday,b_url415
http://nesn.com/2015/05/mlbs-fourth-of-july-caps-leak-are-extremely-american-photo/,b_url416
http://otomoto.pl/osobowe/renault/laguna/ii-fl-2005-2007/?search%5Bfilter_enum_country_origin%5D%5B0%5D=pl,b_url417
http://olx.ua/uk/list/q-%D0%BA%D0%B5%D0%B4%D1%8B/?search%5Bprivate_business%5D=business,b_url418
http://correios.com.br/sobre-correios/sustentabilidade/vertente-social/outros-projetos-de-ambito-nacional,b_url419
http://kenh14.vn/suc-khoe-gioi-tinh/tap-luyen-25-phut-moi-ngay-giup-cai-thien-vong-ba-20150427030648894.chn,b_url420
http://babal.net/books/view/815/%D8%A8%D8%B1%D9%88%D8%AA%D9%88%D9%83%D9%88%D9%84%D8%A7%D8%AA-%D8%AD%D9%83%D9%85%D8%A7%D8%A1-%D8%B5%D9%87%D9%8A%D9%88%D9%86,b_url421
http://syosetu.com/searchuser/search/index.php?name1st=%E3%81%88&all=1&all2=1&all3=1&all4=1&p=11,b_url422
http://tunein.com/radio/Fantasy-Sports-c17082889/15480783/ca-pub-1542925551861702/TuneInSearch,b_url423
http://putlocker.is/watch-a-million-ways-to-die-in-the-west-online-free-putlocker.html,b_url424
http://kenh14.vn/xa-hoi/nam-thanh-nien-chet-bat-thuong-sau-khi-nhat-duoc-hai-bao-tai-tien-2014080704443519.chn,b_url425
https://hollywoodlife.com/2015/05/08/kylie-jenner-gift-tyga-grandma-thank-you-message/,b_url426
https://qz.com/384376/how-companies-motivate-employees-when-there-are-no-promotions-to-hand-out/,b_url427
http://cheezburger.com/70859265/epic-win-video-slow-motion-stunt?ref=rightarrow&siteId=7,b_url428
http://babal.net/downloads_details/1240/%D9%83%D9%84%D9%8A%D8%A8-%D9%86%D8%AC%D9%84%D8%A7-%D9%88%D9%86%D9%88%D8%B1%D9%84%D9%8A%D9%86---%D9%83%D9%84-%D8%A7%D9%84%D8%A8%D9%86%D8%A7%D8%AA-1080p-HD,b_url429
http://superuser.com/questions/622226/i5-2500k-3-3-ghz-processor-with-h80-water-cooling-on-a-p8z68-v-pro-overheating,b_url430
http://interpark.com/product/MallDisplay.do?_method=Detail&sc.shopNo=0000100000&sc.dispNo=001930&sc.prdNo=1702305249&bm1=bottom&bm2=prd,b_url431
http://icicibank.com/Personal-Banking/onlineservice/online-services/DTH-Recharge/dth-recharge.page,b_url432
http://irecommend.ru/content/borba-s-rastyazhkami-s-pomoshchyu-mumie-primenenie-mumie-instruktsiya-kak-ego-nanosit-svoist,b_url433
http://nesn.com/2014/11/darrelle-revis-brandon-browner-part-of-key-patriots-colts-matchups-video/,b_url434
http://twitter.com/home?status=%E3%83%8C%E3%81%91%E3%82%8B%EF%BC%81%E3%80%90%E3%82%A2%E3%83%8B%E3%83%A1%E3%80%91+http%3A%2F%2Fero-video.net%2Ft%2Ff1rUQOmBFLNtIx1Z+%E3%82%A8%E3%83%AD%E6%9C%AC%E3%82%92%E6%8D%A8%E3%81%A6%E3%81%A6%E3%81%8B%E3%82%89%E5%85%84%E3%81%AE%E6%A7%98%E5%AD%90%E3%81%8C%E3%81%8A%E3%81%8B%E3%81%97%E3%81%84+%E6%B9%AF%E5%B7%9D%E7%99%BE%E8%8A%B1++%23ero+%23douga+%23agesage,b_url435
http://twitter.com/home?status=%E3%83%8C%E3%81%91%E3%82%8B%EF%BC%81%E3%80%90%E5%B7%A8%E4%B9%B3%E3%80%91+http%3A%2F%2Fero-video.net%2Ft%2FInoAwxva2pEyzD9f+%E7%BE%8E%E5%92%B2%E7%B5%90%E8%A1%A3+%23ero+%23douga+%23agesage,b_url436
http://babal.net/women/view/1512/%D9%83%D9%8A-%D9%8A%D8%B9%D8%AA%D8%A8%D8%B1%D9%83-%D8%B2%D9%88%D8%AC%D8%A9-%D8%B5%D8%A7%D9%84%D8%AD%D8%A9-%D9%8A%D8%AC%D8%A8-%D8%A3%D9%86-%D8%AA%D8%AA%D8%AD%D9%84%D9%91%D9%8A-%D8%A8%D9%87%D8%B0%D9%87-%D8%A7%D9%84%D8%B5%D9%81%D8%A7%D8%AA,b_url437
http://sourceforge.net/directory/add_facet_filter?facet=license&constraint=OSI-Approved+Open+Source+%3A%3A+Eclipse+Public+License,b_url438
http://extratorrent.cc/torrent_download/4189071/Creativemarket+Hiroko+Typeface+96293.torrent,b_url439
http://olx.co.id/i2/elektronik-gadget/elektronik-rumah-tangga/kipas-angin-ac-exhaust/,b_url440
http://hubpages.com/hub/Good-Writing-Is-8-Point-of-view-the-five-big-questions-writers-need-to-answer,b_url441
http://extratorrent.cc/torrent_download/4190934/Jamie+Foxx+%E2%80%93+Hollywood+A+Story+of+A+Dozen+Roses+%282015%29+320+KBPS.torrent,b_url442
http://olx.ua/uk/list/q-%d0%ba%d0%b5%d0%b4%d1%8b/bIE64RPKp0urlDE3vSbHw8dRLeUY1kOFK2_KOEmw9UT.A7/,b_url443
http://distractify.com/jake-heppner/scenes-from-the-past-you-never-expected-never-seen-before/,b_url444
http://mixi.jp/share.pl?u=http://alfalfalfa.com/articles/117849.html&k=e09afc106e473491952cfe324aa83aabe5b07446,b_url445
http://thechive.com/2015/05/13/the-wisdom-of-jack-donaghy-is-like-a-straight-shot-of-whiskey-34-photos/,b_url446
http://megogo.net/ru/view/16011-odnazhdy-v-milicii-sezon-1-seriya-1-mayor-legkogo-.html,b_url447
http://pikabu.ru/story/ukraintsyi_gaz_voruyut_uzhe_i_u_amerikosov_strana_drugaya_a_privyichki_te_zhe_nichemu_zhizn_lyudey_ne_uchit_ssyilki_v_teme_3240180,b_url448
http://thenextweb.com/entrepreneur/2015/04/23/watch-now-how-to-be-a-ninja-innovator/,b_url449
http://thenextweb.com/creativity/2014/08/03/4-things-recruiters-look-design-portfolio/gtm.js/gtm.js,b_url450
http://babal.net/books/view/1378/%D9%82%D8%A7%D9%86%D9%88%D9%86-%D8%A7%D9%84%D9%85%D9%88%D8%A7%D8%AF-%D8%A7%D9%84%D9%85%D8%AF%D9%86%D9%8A%D8%A9-%D9%88%D8%A7%D9%84%D8%AA%D8%AC%D8%A7%D8%B1%D9%8A%D8%A9-%D8%A7%D9%84%D9%82%D8%B7%D8%B1%D9%8A,b_url451
http://web.de/magazine/sport/fussball/champions-league/fc-bayern-muenchen-fc-barcelona/fc-bayern-wunder-gewuenscht-30633372,b_url452
http://otomoto.pl/oferta/skoda-octavia-okazja-nowy-gaz-skoda-2004-1-6-mpi-zamiana-ID6y3rHn.html,b_url453
http://elcomercio.pe/viu/trabajo/lo-que-debes-evitar-al-momento-pedir-aumento-noticia-1810357?flsm=1&ref=portada_home,b_url454
http://correios.com.br/sobre-correios/sustentabilidade/vertente-ambiental/desempenho-ambiental,b_url455
http://stackoverflow.com/questions/30225965/add-dynamic-cookie-to-spring-integration-request?answertab=active,b_url456
http://kenh14.vn/musik/dam-vinh-hung-rao-riet-tap-luyen-cung-dan-sao-chuan-bi-cho-liveshow-20141211111628645.chn,b_url457
http://perezhilton.com/2014-12-03-ben-savage-twitter-boy-meets-world-characters-girl-meets-world-season-2/?from=readmore_perezhilton&,b_url458
http://aljazeera.net/Home/GetPage/f6451603-4dff-4ca1-9c10-122741d17432/ad13891b-f0de-47bf-a1a9-d132e0d6fa63,b_url459
https://twitter.com/share?text=%D0%A4%D0%BE%D1%82%D0%BE%D0%BF%D0%BE%D0%B4%D0%B1%D0%BE%D1%80%D0%BA%D0%B0+%D0%B7%D0%B0+29.04.2015&url=http%3A%2F%2Ffishki.net%2Fphoto%2F1517170-fotopodborka-za-29042015.html%2Fgallery-1952324%2F,b_url460
http://techcrunch.com/events/disrupt-ny-2015/video/Backstage/UE40eW5QN0p8M2Y/RE1BNmNJfGhxNCVxUDExYmtXUUxhW1dDMk0zM2M9Tzh8Vj8zVn5mL0t3Zy83azhFcnpJZE8rT0d2MEl1cUk1VXRbRmZfbUdZY3VNc2lYTzluYURXJTlGWFlbL3IwZlpvYVVrPy5lemVYZV15OHJ1TWZkbzM4L1M9WWRDWXJ5dThdW0hkLWljOHNxX1I3ZFd0Y2Jta3pLZW04Z1hPP24/LzBvfl1OSXlQZi5beCZtemE/L1QzUEg0aH5aVUdyYTNvOExwUnJ3YnFrKyVFeWdjcUklUWJNOVdwdFpPP3QsM2dwMnNKVG9KWTFdRHdW,b_url461
http://tune.pk/video/6051054/neymar-goal-1-1-bayern-m%C3%BCnchen-vs-barcelona-champions-league-2015,b_url462
http://motthegioi.vn/dien-bien-bien-dong/my-dieu-tau-chien-den-gan-cac-dao-trung-quoc-xay-dung-phi-phap-o-truong-sa-188165.html,b_url463
http://mashable.com/people/55229c08519840114904cb2a/2015/05/04/star-wars-game-characters,b_url464
http://ringring.vn/mac-sui-mao-ga-tu-dong-nghiep-co-vo-tre-am-tham-chiu-dung-118198.html,b_url465
http://olx.ro/i2/electronice-si-electrocasnice/telefoane-mobile/motorola/js/spring.js,b_url466
http://themeforest.net/item/unik-creative-multipurpose-wordpress-theme/full_screen_preview/11090107,b_url467
http://stackoverflow.com/questions/13993803/how-to-choose-the-amplification-factor-for-the-required-snr-in-matlab,b_url468
http://udn.com/news/story/7098/896059-HTC-BlinkFeed%E5%8F%AF%E8%83%BD%E5%B0%8E%E5%85%A5%E5%BB%A3%E5%91%8A%E7%87%9F%E6%94%B6%E6%A9%9F%E5%88%B6,b_url469
http://duckduckgo.com/d.js?q=Privacy%20in%20the%20United%20States&t=C&l=wt-wt&p=1&s=0&ck=news_the%20united%20states&ct=CA,b_url470
http://mic.com/articles/116608/drone-footage-shows-the-havoc-unleashed-by-nepal-s-devastating-earthquake,b_url471
http://dantri.com.vn/video-29927/sang-kien-moi-khien-phu-nu-tho-phao-nhe-nhom-p1.htm,b_url472
http://emgn.com/entertainment/22-hilarious-ad-placement-fails-that-couldnt-have-gone-more-wrong/,b_url473
http://xvideo-jp.com/archives/category/%e3%82%a2%e3%83%b3%e3%83%bb%e3%83%8f%e3%82%b5%e3%82%a6%e3%82%a7%e3%82%a4,b_url474
http://distractify.com/post/related/id/555107d84a0c4b790f84eae7/skip/30/limit/10/back/0,b_url475
http://cheezburger.com/8490181120/video-game-news-nintendo-5-mobile-games-by-2017?ref=rightarrow&siteId=56831,b_url476
https://quizlet.com/sign-up?redir=https%3A%2F%2Fquizlet.com%2Flogin%3Fredir%3Dhttps%253A%252F%252Fquizlet.com%252Fcreate-set%252Fnew,b_url477
http://interpark.com/member/login.do?_method=initial&imfsUserPath=%2Fmember%2FMyEvent.do&imfsUserQuery=sc.evtFlag%3D1%26sc.evtKind%3DWIN&FromLogin=Y&str=null&logintgt=null,b_url478
http://atwiki.jp/wiki/%E5%A4%A7%E6%97%A5%E6%9C%AC%E5%B8%9D%E5%9B%BD%20%E5%BE%93%E8%BB%8D%E6%85%B0%E5%AE%89%E5%A9%A6%E3%83%A1%E3%82%A4%E3%83%89,b_url479
http://themeforest.net/search?date=this-month&length_max=&length_min=&price_max=&price_min=&rating_min=&sales=&sort=sales&term=&utf8=%E2%9C%93&view=list,b_url480
http://moviepilot.com/posts/2015/05/14/why-are-some-people-hating-on-spider-man-and-are-they-justified-2930993,b_url481
http://ap.org/Content/AP-In-The-News/2012/Tapes-found-in-AP-reporters-Cold-War-show-trial,b_url482
http://metro.co.uk/2014/08/15/big-brother-helen-wood-helen-and-ash-prank-backfires-on-helen-oh-the-shame-4834420/,b_url483
http://extratorrent.cc/torrent/4160221/Avengers+Age+of+Ultron+2015+CAM+x264+AC3+TiTAN.html,b_url484
https://medium.com/the-cauldron/for-the-love-of-god-stop-comparing-tom-brady-to-ray-rice-5b840ae9c7e7,b_url485
http://tobogo.net/cdsb/board.php?board=storygame&bm=view&no=133&category=&auth=&page=1&search=&keyword=&recom=,b_url486
http://torcache.net/torrent/D44B84470AF3F6BF713CF87FD7A323690C1D7F7A.torrent?title=[kickass.to]baby.2015.hindi.720p.hdrip.x264.aac.hon3y,b_url487
http://correios.com.br/Para-governo/concessionarias-de-agua-e-energia/documentos-e-correspondencias/producao-de-objetos-postais,b_url488
http://babal.net/books/view/774/%D9%85%D8%B9%D9%84%D9%88%D9%85%D8%A7%D8%AA-%D8%B9%D9%86---%D9%83%D8%AA%D8%A7%D8%A8--%D9%83%D8%AA%D8%A7%D8%A8-%D8%A7%D9%84%D9%85%D8%A4%D8%A7%D9%85%D8%B1%D8%A9-%D8%A7%D9%84%D9%83%D8%A8%D8%B1%D9%89,b_url489
http://jezebel.com/political-pundit-ja-rule-reveals-his-choice-for-preside-1703003992/+gabriellebluestone,b_url490
http://nypost.com/2015/05/05/tiger-woods-hasnt-slept-in-brutal-funk-over-vonn-split/,b_url491
https://medium.com/@davehaynes/a-lesson-in-finding-joy-and-letting-go-688e5920fff5?source=has-recommended,b_url492
http://pikabu.ru/tag/%D1%83%D0%BC%D0%BE%D0%B7%D0%B0%D0%BA%D0%BB%D1%8E%D1%87%D0%B5%D0%BD%D0%B8%D0%B5/hot,b_url493
http://sfglobe.com/2015/05/04/henry-gallagher-impresses-with-his-original-song/?src=home_feed,b_url494
http://torrentdn.com/bbs/s.php?bo_table=torrent_tv&wr_id=83861&k=%ED%99%94%EC%A0%95&page=1,b_url495
http://tobogo.net/cdsb/board.php?board=dreamstory&bm=view&no=68&category=&auth=&page=1&search=&keyword=&recom=,b_url496
http://thenextweb.com/apps/2014/08/12/squarespace-releases-two-android-apps-note-blog-help-customers-manage-sites/gtm.start/gtm.start,b_url497
http://codecanyon.net/item/login-box-layered-popups-addon/full_screen_preview/11179607,b_url498
http://interpark.com/product/MallDisplay.do?_method=Detail&sc.shopNo=0000100000&sc.dispNo=001930&sc.prdNo=2367874779&bm1=bottom&bm2=prd,b_url499
http://haberler.com/iran-genelkurmay-baskan-yardimcisi-yardim-gemileri-7303778-haberi/,b_url500
http://olx.in/hi/all-results/?utm_source=google&utm_medium=search&utm_campaign=search_organic&q=&page=4,b_url501
http://bdnews24.com/economy/2015/05/11/foreign-exchange-regulation-act-amendment-2015-gets-cabinet-clearance,b_url502
http://sfglobe.com/2015/02/23/when-mom-leaves-her-son-in-the-car-he-pays-the-price/,b_url503
http://aljazeera.net/news/miscellaneous/2015/4/26/%D8%A3%D9%85%D9%84-%D8%A3%D9%88%D9%84-%D9%83%D9%81%D9%8A%D9%81%D8%A9-%D8%AA%D9%86%D8%A7%D9%84-%D8%A7%D9%84%D9%85%D8%A7%D8%AC%D8%B3%D8%AA%D9%8A%D8%B1-%D8%AC%D9%86%D9%88%D8%A8-%D8%A7%D9%84%D8%B9%D8%B1%D8%A7%D9%82,b_url504