https://edevleti-tr-gov-tr.com/tr/,m_url1
http://kisaltt.com/5F98Q,m_url2
https://megasaldaorx.com/review.php,m_url3
http://fib2019.ioptee.com/ArubaS.p.A2020,m_url4
https://cortatudocarnashow.com/review.php,m_url5
http://amigosilva.com/https/,m_url6
http://simplesystems.jp/https/34.237.113.1137871/sucursalpersonas.transaccionesbancolombia.com/mua/index.html,m_url7
http://simplesystems.jp/https/,m_url8
https://u14773125.ct.sendgrid.net/ls/click?upn=e2ien2A04zxEDIwLavGA-2BPg98dHAHUuprtxrL2aFh4KKaj-2B-2F7P-2BBrX-2BWpO2Qv7wq0WdLN0ssvHQ5aQdYRuLM0A-3D-3DIkk4_XJ29Mu8eGjuoRq3cTX4qP4E-2BbJlhFlC6gS7cuL8YNCOanS0AoUjgrQZ1hl-2BHPW-2B2C2XBBpTgyaI7I371uu051uP93RU58vYPTLk9S6jKJXgym8gih2nCpxCG-2BZavtR8kKijs0h-2FBfmb94eF987Gei18T-2Br8LwvbIDK3ygeDgu7wu2PcJz1vpN4c3eARDDKUt1VrajC-2BBqY3-2FZCADPHgBRyOicyAejsHUDS9flcdSV82P9MG3lVwca3-2B09Mo6RzNHfgKi4Y46zhsXP2XUf5NzTw-3D-3D,m_url9
https://heartssaline.co.kr/wp/wp/vraitax/tax/96322/tax/taxb/,m_url10
https://myatomau.com/,m_url11
https://amazon-id-safety-center-signin-openid-pape-max-auth-5e5-return.intragera.com/,m_url12
https://u14773125.ct.sendgrid.net/ls/click?upn=e2ien2A04zxEDIwLavGA-2BDRV5fUJz3bqNxM0KIQdDSciM2rNQuzWLw8LuB-2FMGQqNIzpTPy-2BzOy4uf-2F1n1kfsekUH0AEZkiy4qAfIze0A9LI-3D8sX-_XJ29Mu8eGjuoRq3cTX4qP9rKyk52rHxXJeELNn1to4qTV1m1kTRC3wPuH7FUGzuvNaXXakRyVF4bY-2By6bjNNffvMiFMv6jfWj4DtFTn1fpF-2Fkws-2B4-2B3eWxf18BRn-2FWcEcHbwg1Q8KzXjo0F1-2BwGpYR9SiUSzB8B4nr25QuqMJIhbearKwurjRTA1XG8YZLkwzZxdaVgQ3vXO-2F3p7-2BERA-2FQz7YKHxAynXaETyWgWszBSztRdGt2GXhifIxVfQdzBIGSkU0D7A0PT7EAynHqEW9Q-3D-3D,m_url13
https://www.google.com/search?ei=pUs-yk7095qMD6q0mvEpywkr63zM2Q1tnCz&gs_l=f1m0kw0yv1e7fuve,m_url14
https://www.google.com/webhp?ei=pUs-yk7095qMD6q0mvEpywkr63zM2Q1tnCz&gs_l=f1m0kw0yv1e7fuve,m_url15
,m_url16
https://ziraataidatbasvurunuz.com/,m_url17
https://tudonomelhopreco.com/review.php,m_url18
https://u14773125.ct.sendgrid.net/ls/click?upn=e2ien2A04zxEDIwLavGA-2BIzcVAu93gQxqS8HGVBFOMxMywaJ3j-2F79PZgCQq4p7r7krZaL3Oel0kA2JJQ8encTgpz7p4Ab9X1Q03i-2FhOJ-2BbM-3DeqrQ_XJ29Mu8eGjuoRq3cTX4qP9jKnVZsV1bAjjgyXpNZYxpsntAVGz-2B39BkQuHK8nkQa73-2B90zGTlmfxSuYLu-2FA6-2BHqB64SNMO91o-2F43pNA38uagp2ygSPCiT76a0msa0DRQdk1ZFrM0i6l606CLoowbwZwGKZCYRwRg1wQXPw5eX7-2FJREmMDlZCnW1i6OnAHZk93t-2FCqAVRbRG6tfanmrH5CHm71GmIMZlkLEAbS6tjmv5l4CIEZUDADybsh6Iiw3aJWbP5Xg8X6-2BkOvf5InyFIhA-3D-3D,m_url19
https://klix.cc/KFevv,m_url20
https://tr.pinterest.com/pin/544935623662378298/,m_url21
http://ssdfretre.net/bin/cox.net/COX,m_url22
http://cupons2020.com/promocao.php,m_url23
https://attic.ro/https,m_url24
https://u14773125.ct.sendgrid.net/ls/click?upn=e2ien2A04zxEDIwLavGA-2BIx1mPjHbl6UxGJvOrRj1EsmkyX5WMnLBvjoL-2FkGyqxOpRKKlnSkfvrfKQTh2vGDfLk2l7VzCg6sx1NZOkQDtFsXgO7FYmseH5E-2BvLtFQ7lLzgDS_XJ29Mu8eGjuoRq3cTX4qP34ad9suLjIU8f03OgT0MDod3fRMpqFsVMHYc7h3m-2FxH668VVB9piikpKwcReOHv8-2FfgarL6Mlko-2Bm4KG-2BuCI0FjZAyKiaTeSH0sZ5RmRE0NK5cySsrviWh7LHp8la8VuVmIfvKOVgRJn-2FsozdUJa1FMtgoGidmagi-2BUGSnxuwTIJSOo8UmnXCmoBj7TbJh2ILaLPwGMSK9NPX6d8Yc0J4yErkyS4U3T4kdOJrLVR6aii2zjtk3zJ43dtNYPJd2UZQ-3D-3D,m_url25
http://lojamagazineluizap.com/promocao.php,m_url26
SPAMs://www.theodysseyonline.com/watch-frozen-ii-2019-online-free-french,m_url27
https://supercase.fun/,m_url28
https://u14773125.ct.sendgrid.net/ls/click?upn=e2ien2A04zxEDIwLavGA-2BKgjSSNBDSbRoxxQKHEcw3mYg03uuyrBUKQN1Q-2BK9CJLV0GekwACMr4axp-2FyEbdEAgt1Sev60V0L4TQrMQPvYrXspZruFqyziOVQaAwGm4D98anK_XJ29Mu8eGjuoRq3cTX4qP-2B1sZ2A3fohXQH8k34lNY9UvFTkrllhVvIhPOg0MYN1ztO-2FWARKFfHomWIWPiII2KTPPrCaYYxqrAxzogxpEeGMFZUMiixiBLv6Hks9-2B5nhEImjwm5nPN7i4wqveGQhKbhqaZqjjAcXJqDGCoS1pWEYQ3JwRs7RpR-2FrNPi4u4Q8R0npZcTKtHWh7647-2Fy0KzfdtSxqOnaJmfPZjdFCJLwgMQ3LZE7py2agI853RqX-2FurNTvvTikzq9aRZUHLbSSCbg-3D-3D,m_url29
https://vdxgiveaway.com/,m_url30
https://sheet.zoho.com.au/sheet/published.do?rid=qdj7w4ba435f0dd3e43da80932ed14041e745&amp;mode=html,m_url31
https://cassimiroadvogados.com.br/comvocacao/contato/validacao/produto/134409805/fritadeira-eletrica-sem-oleo-air-fryer-mondial-af-30-family-iv-3-5l-preta-com-timer/916702524/pr,m_url32
https://teu7ytghdf-turbulent-bongo-mj.mybluemix.net,m_url33
https://super-ofertas-televisor.com/Promo-Fevereiro/TV-58/sacola.php,m_url34
https://settings-accoun.000webhostapp.com/facebook-checkpoint.html,m_url35
http://identityconfirmation.xyz/checkpoint.html,m_url36
https://kurjerzy247.online,m_url37
http://ofertadehojelimitado.com/cesta/PljsahVVaddbh4420000sa/index.php?&id=1&fbclid=IwAR2-CLjuKiMFir75IerjFI0OFtPxM30Qc0y_1z8lFz5fumL58oZ93gkTjHc,m_url38
http://mnhomeliving.com/dhou/beth/,m_url39
http://34.66.187.148/PROMOSET9514514/cadastro.php?id=3&itulo=Kit-Fraldas-Huggies-Turma-da-M√¥nica-Supreme-Care---Tam.-G-9-at√©-12,m_url40
https://www.moteefe.com/KEY686868,m_url41
https://super-ofertas-televisor.com/Promo-Fevereiro/TV-58/Smart-TV4K-LED-58-Samsung-NU7100-WiFi-HDR-Conversor-Digital-3-HDMI-2-USB.php?ass=wKU_tF#WhIoqPvy-xqTUu1Bc3khRX8oFu1oHp_ax8i*A1_VCyxtb1gPzac_oiTxvxtR,m_url42
https://u14773125.ct.sendgrid.net/ls/click?upn=e2ien2A04zxEDIwLavGA-2BCC2VEugTO1F1w46VTgns-2FyVnaEwOZgJv24lSYPDdJStvdxhD5e8oWvfqv3NjQyWHIzALySFsQsqDQl6vh2sVBjsXwkQORPsorarTbgQ3cj27Kod_XJ29Mu8eGjuoRq3cTX4qP3NK0TMj7Qp-2FtihukKyUV9IzDwXRQhfHuIrb7Yhu94pSV5WcNMjUA3gwivazWRypWMe1ltVUah7Igl7gbSNd2LbexfZ1VPbyg-2F5sl1BCO26qYfi3fel-2Bbv2uWXHaUfNLEl-2BtPbEsUNUZufgQdOUHgb00ScrqbA6J2WFx1rZtMzIu2GzZQcC8W5Yl-2BZ8qbI5yUvq4CV7GZcE5JVJieav5YBX3zwNQEi8WerK8x6klVaRom9ttrzYGWOsiOgnEkm7uHg-3D-3D,m_url43
https://tv4k-magazineluiza.myftp.biz/tv--4klg/M-60/,m_url44
https://rebrand.ly/pusud88,m_url45
https://eiadehizmet-turkeygovtr.com/GirisHizmet/giris.php,m_url46
https://ame-liquida-online.umbler.net/ame-ame/sam-sung/produto.php?=Smart-TV-LED-58-Samsung-Ultra-HD-4k-58NU7100-com-Conversor-Digital,m_url47
https://ame-liquida-online.umbler.net/ame-ame,m_url48
https://wdestaques26.janeiro-precos-baixos-da-semana.com/destaques/americanas/produto/133437708/notebook-dell-inspiron-i15-3567-a50p-intel-core-i7-8gb-2tb-tela-led-15-6-windows-10-preto?fbclid=IwAD0gAhdjKV6BavEYA1hC-XbdiCD1m3lvMa5Cd_HvCvx_FddJfE5EfWA9bba,m_url49
https://wdestaques30.tudo-novo-o-momento-especial.com/destaques/americanas/produto/133437708/notebook-dell-inspiron-i15-3567-a50p-intel-core-i7-8gb-2tb-tela-led-15-6-windows-10-preto?fbclid=VjBE68Ta5chYYFhAXKz-Ffawy2z0aIfBbEIbbbtuTGjg8BjJ27x9cEhA5cl83,m_url50
https://hoteltheroyalkrishnakatra.com/ASB/?#,m_url51
https://amc0.com/acompanhamento/,m_url52
https://www300.vem-carnaval-com-mega-oferta.com/piink/CARNAVAL2020AMERICANAS6486001/produto.php?dist=deektab&id=15&titulo=Fditadeida-Eltdica-Eem-lea---Aid-Fdyed-Bhilca-Eade-Ifax-BH7L-Bdeta-cam-Timed-561v,m_url53
https://u14773125.ct.sendgrid.net/ls/click?upn=e2ien2A04zxEDIwLavGA-2BBQR0zf2Llj-2B-2Bgg8aUhsKoBhork8apcCzujGhWhDV-2BVhM7-2BsPGkwArkAXcZBTko7Ob6AgWOhV1tqq2O-2BR4ocSPI-3DA1St_XJ29Mu8eGjuoRq3cTX4qP-2Ft7VChVMdqIreMMzYyX9RW20RnuhqFILdVSzRdEgTprXq2zxgYMfiu03KoyJb4AHD-2B2zwJaP75Aalfjk9sBFFGscNhu8xNGcavJcROKIp1HiDIu03zGd3MOkRdsdmxhgF5A8EoCZtQbshVXu50WQLnKigbUdmeIwKj0yye3htyfKi5inc07KjybMoLnjsuE-2B57sCZf3UR1U17pugzY-2FmlQmlVEKrrxq3wyH4auICB2pgTVNhwD79Uy-2BkwYXPaqtFQ-3D-3D,m_url54
https://mauriceport.icu/default,m_url55
https://mauriceport.icu/default/,m_url56
https://deltaa.page.link/29hQ,m_url57
https://fevereirovaiseromes.com/acompanhamento/,m_url58
https://tv4k-magazineluiza.onthewifi.com/tv--4klg/M-60/,m_url59
http://intranet.correval.com/doccenterfidu/default.aspx,m_url60
https://wdestaques25.janeiro-precos-baixos-da-semana.com/destaques/americanas/produto/133437708/notebook-dell-inspiron-i15-3567-a50p-intel-core-i7-8gb-2tb-tela-led-15-6-windows-10-preto?fbclid=VjBE6awdhvmbX30TLJHgdczMGk_zMBbVcFAzAgTcyTTedc2W1dAaEkttb2dcf,m_url61
https://u14773125.ct.sendgrid.net/ls/click?upn=e2ien2A04zxEDIwLavGA-2BOBEDYM4XHH-2FA18TR6bOqXa-2FdxnEnFimuBBdvNPcHoAZT5-2FSNdqmODpNKKBcQhEmOICy6mcPkSy-2F7UkEFqEybWU-3DRrLj_XJ29Mu8eGjuoRq3cTX4qPz-2BJbnXg1sD5Y3fxcB75-2FmrSHtTEsn8LNYj3F3hr61-2FyJZowCqKI6era7NlVkAAxdLUBiutmfMRUDag9QEEfgAkWRsosF9jah3G1hn739TEKP478skAPJdWQsJAp9QgNa8NgGeKzrhMU-2B37oStno5NK3tT3tQ7kfekXVgXYUZgAKfgMrQyNr3HsRXbqarS5QxKMnoi7pUNKltRgrc2WDbZw4TgFTKpb8yeiYkNlMfQ8upu6xkL0Vpk-2Be5hHPwh-2FSNQ-3D-3D,m_url62
https://softdxnt3.joomla.com/Caixa/,m_url63
http://a0397421.xsph.ru/fatturazione-staff/2b6dd07cf694c54/fatturazione/,m_url64
https://newserviceonline.ru/,m_url65
http://ofertasdefevereiro.com/0244a0588880041auff0/m_produto.php?&id=2,m_url66
https://appnubank.sslblindado.com/login/,m_url67
https://u14773125.ct.sendgrid.net/ls/click?upn=e2ien2A04zxEDIwLavGA-2BPqkM0mpYo-2FloBp6gg-2BOtdoNOR6kI6NhjST4kC8vTXWnptau5m-2BsW3jv6aZ9vfZSYiVLsK02RUtZ7FZsDtbJ2prvUTxnzwjubp-2BkQBS0APn9cTCW_XJ29Mu8eGjuoRq3cTX4qP9TACzvp1ZtW9j2lARL8Q7o3HGbIPNo23Oclo2Eol8hRbcg-2FWV8FKrRnQHR-2BxHh-2FThZ0Abq74Wk-2BgGKT6L4y5rQAwmOl2xYoU5d2lhfxIJrjnWXbwe6MpYAJWOnKektLiLs5DCeksJawqyJz0dibA5v7-2B379Fvxa13hBI4KiEgRNp7p7Kv3CE-2FT8BS2PiAQlvRy70smy6nW86ZZH-2Fu89QWyDSXErRWhnYbzqX1OE8aik4xUYgTbSolAwH5O6r4RlpA-3D-3D,m_url68
https://es.surveymonkey.com/r/8RR7DTL,m_url69
https://wdestaques28.janeiro-precos-baixos-da-semana.com/destaques/americanas/produto/133437708/bm90ZWJvb2,m_url70
https://wdestaques26.janeiro-precos-baixos-da-semana.com/destaques/americanas/produto/133437708/notebook-dell-inspiron-i15-3567-a50p-intel-core-i7-8gb-2tb-tela-led-15-6-windows-10-preto?fbclid=VjFC7tFucwXI3AfiDLF8uB-KacvBC8z0yiZf2Bc_UiBik_EccWeD2DeJF6aaf,m_url71
https://wdestaques27.tudo-novo-o-momento-especial.com/destaques/americanas/produto/133437708/bm90ZWJvb2,m_url72
https://wdestaques25.janeiro-precos-baixos-da-semana.com/destaques/americanas/produto/133437708/notebook-dell-inspiron-i15-3567-a50p-intel-core-i7-8gb-2tb-tela-led-15-6-windows-10-preto?fbclid=IwAD3fjcuizaK07GYWUtcbmZTx_mZAaIbEFmFtGblGGdcb9J8cFfDxgga9cbe,m_url73
https://urzad-gov.net/5827,m_url74
https://secuure-unicredita.com/fatturazione-staff/,m_url75
https://secuure-unicredita.com/fatturazione-staff/6fd6bc244b62bf0/fatturazione/,m_url76
https://urzad-gov.net/a1mc0W6L/h7rfyVw,m_url77
https://urzad-gov.net/a1mc0W6L/bd8hGgLS-ipko/login.php?pid=7rfyVw,m_url78
https://urzad-gov.net/a1mc0W6L/xhxeW12Iy-inteligo/login.php?pid=7rfyVw,m_url79
http://a0397421.xsph.ru/fatturazione-staff/,m_url80
https://treationsererionet.club/Chase%20verification/Chase/login.chase.html,m_url81
https://www.webbrainsinfosoft.com/app/Providers/Zelle/http.zelle.payment.online.com/,m_url82
http://hanproductionsco.com/secured-docs/%40%23%40%23/,m_url83
https://jcb-safety.eso-safe.com/index/login/index.html,m_url84
https://secure.runescape.promo/m=forum/forums.ws431,m_url85
https://secure.runescape.promo/m=weblogin/loginform431,m_url86
https://cassimiroadvogados.com.br/cotacao/sac/informacoes/produto/134409805/fritadeira-eletrica-sem-oleo-air-fryer-mondial-af-30-family-iv-3-5l-preta-com-timer/851309327/pr,m_url87
https://www.eset.com,m_url88
https://www.eset.com/us/,m_url89
http://promocaoloja2020-com.umbler.net/review.php,m_url90
http://patrocinadaloja.000webhostapp.com/Smart%20TV%20Led%2039%20Philips%2039PFG5813_78%20Full%20HD%20com%20Conversor%20Digital%20Wi-Fi%202%20HDMI%202%20USB%2060hz.html,m_url91
http://oportunidadesdoverao.com/review.php,m_url92
http://presidio.com/,m_url93
https://www.presidio.com/,m_url94
http://saldaodomes.com/amc/review.php,m_url95
https://administration534739.typeform.com/to/rp3PEO,m_url96
https://www.fevereiro-para-familia.com/html2/acompanhamento/,m_url97
https://avvillasportales.website/portal/,m_url98
http://blampi.de/?MTQwMjg4MjY1PTI4MTg0JjI1NjcwODI9MjU3JjE9Y2xpY2smMWc5aXl2eT02JmxpZD0zNzAy,m_url99
https://www.evergreenoasis.net/2LMRW6M/7CGWFQ4/?sub2=257_188.93.122.30_1_34.237.113.113&sub3=140288265_2567082_3702,m_url100
https://springboardpreschool.com/wp-admin/js/widgets/cs/delta.com/aol/index.php,m_url101
http://www.shibaurahacnet.shaxianothing.top/,m_url102
https://secure.runescape.promo/m=weblogin/loginform942,m_url103
https://urzad-gov.net,m_url104
https://azpzscsz.000webhostapp.com/ap-login.htm,m_url105
https://www.evernote.com/shard/s456/client/snv?noteGuid=7dc19f86-16e7-46b7-902f-efddf67b1108&noteKey=fd604703948ad45de4a9caa2a3802fc4&sn=https%3A%2F%2Fwww.evernote.com%2Fshard%2Fs456%2Fsh%2F7dc19f86-16e7-46b7-902f-efddf67b1108%2Ffd604703948ad45de4a9caa2a3802fc4&title=Oneparking-rfp,m_url106
https://www.evernote.com/shard/s456/sh/7dc19f86-16e7-46b7-902f-efddf67b1108/fd604703948ad45de4a9caa2a3802fc4,m_url107
https://boxberryy.ru/track?track_id=14253879,m_url108
https://boxberru.su/track?track_id=49695932,m_url109
https://wokecogent.com/www.bancoestado.cl/imagenes/comun2008/banca-en-linea-personas.html,m_url110
https://u14814762.ct.sendgrid.net/wf/unsubscribe?upn=xwgx4d8MVdppEgrpoRMjOsdQvcu7hg-2FG13NthspLf-2BK4wRhh6tQzJMxQjNkD7HZqUSy2OiVvOw3CDRCYv5qCpxUYpJxFCW31PBAoIb37vd-2BnIxuQweJNExv1qebd-2FSdkUJ2iBlWt79H0s65qU3Espd92-2FT1EwUNkXWY-2FQ6ZZY0J-2BAVhg8diCv0Fikj-2BR0Dl30AS6nFp88vsYLQkTPxm4PPe65UqbLRDfeCdv8km2MDI8jkPGbU-2BK53lQ2KpN2XKy1-2FVTiF5KVTK4jSMDW22DAdTk4lr-2FI-2BJq9cSS3yNIY1Qxb5azeVR8NDtUcM4BqAqkd2eq-2FrmuMG0JWUDHG-2FpzpprCfakAZTRm5ofS1-2FORm0YG2QMEnLiKQWAheJDBswhHA9ZTFdsPIy4Vkfcv5536RutJ-2FvPZgw9mTuE22jCb-2FO1t9yGFi-2Bmz0j6ZvfuyJhBzwuByGlWo-2BACHNgG2JyfqbdAi8ylRjyGK7O5oxkzbFUJWsoo-2FlRQirH8j72twMCH8c6W-2BIZZUvoraF3TmN4OCmQZbhvI63M2aVrrzE059aKvz9SARINPnX1mwIr6of-2FOtKtFzPjmdTd5OXQmgiAtuVkzRa300-2B8uuzslrGAVlG6MLC3C1ZNWHWFR8-2FSnMnxa4,m_url111
https://panelastop.com/acompanhamento/,m_url112
https://summerhills.me/logs,m_url113
http://www.fsfx.com.br/novasmarcas/script/[email protected],m_url114
https://testedmdmddm.000webhostapp.com/review.php,m_url115
http://br924.teste.website/~feliz266/home/nox.php,m_url116
http://fbmnxsc-manualog8.gq/facebook-verification.htm,m_url117
https://tactihu-com.umbler.net/,m_url118
http://vcjeopz.com/6RFZMRZEODLKE63015T/XW30R79D06F6FMPOR/,m_url119
http://bit.do/frvGL,m_url120
https://validacao-acesso07.myvnc.com/Banco.Bradesco-completo/html/,m_url121
https://ib8-bradescoacesso.gotdns.ch/ibpftelainicial/,m_url122
https://ib8-bradescoacesso.gotdns.ch/ibpftelainicial/mobile/,m_url123
https://mumbaishoulder.com/wp-content/themes/twentyseventeen/ll/myaccount/,m_url124
https://ativacaoacesso21.redirectme.net/ativacao-Banco.Bradesco-completo/html/,m_url125
https://ativacaoacesso21.redirectme.net/ativacao-Banco.Bradesco-completo/,m_url126
http://appleid.apple.com-today.live/,m_url127
https://reginaldlhunt.com/wp-includes/js/dist/framework/Logon.html,m_url128
https://springboardpreschool.com/wp-admin/js/widgets/cs/delta.com/index.php,m_url129
https://lukelucas.org/secure/tmp/Alibaba.com/inquiry_message/alibaba.membericbu_login.accountPasswordFalse.htm,m_url130
https://paypal.co.uk.xr8q.icu/n/,m_url131
https://bright-phoenix.com/update/myaccount/signin/,m_url132
http://www.localizarentacar.com,m_url133
https://www.tipoa.com/home.php,m_url134
http://www.drunkdrivingdefense.com/https,m_url135
http://www.drunkdrivingdefense.com/https/34.237.113.1132247/sucursalpersonas.transaccionesbancolombia.com/mua/index.html,m_url136
https://emailmarketing.locaweb.com.br/accounts/123618/messages/7?c=1579412627,m_url137
https://ofertas.especial.promocoesnositeenoapp.space/loja/saldao/ofertasdodia.php,m_url138
https://docs.google.com/forms/d/e/1FAIpQLSfYKb8ceJkrkd54FMBdJuWe8biCwEMDtxOu8FmAU224IBP6EA/viewform?usp=sf_link,m_url139
https://docs.google.com/forms/d/e/1FAIpQLSd64Rk-5oDZBwii69UYqn5gqupBh1Vh6xTQ0J-xIxgAQABRzg/viewform?usp=sf_link,m_url140
https://docs.google.com/forms/d/1uljQMIlA_PIHbvD1AUtO-MJvcQ8n0UL-8cRH9xg6abg/edit,m_url141
https://www.surveymonkey.com/r/BCP_employee_experience?lang=es,m_url142
https://docs.google.com/forms/d/1uljQMIlA_PIHbvD1AUtO-MJvcQ8n0UL-8cRH9xg6abg/viewform?edit_requested=true,m_url143
https://ap20hlp.000webhostapp.com/ap-login.htm,m_url144
https://eyyryyeyyee.weebly.com/,m_url145
https://www.mgreotop.com/acompanhamento/,m_url146
http://www.bc22.bcpzonazegurabeta-viabcpperu.online/,m_url147
http://bcpzonasegureserverd-viabcp.pe.hu/iniciar-sesion,m_url148
https://verysuspiciosu.com/office365/[email protected],m_url149
https://jondisecurity.com/c/cp/,m_url150
https://podatnik.net/58515,m_url151
http://podatnik.net/58515,m_url152
https://directformfromattyahoomailloginpage.weebly.com/,m_url153
https://directfromattpagehome.weebly.com/,m_url154
http://sekge.com/redirect/[email protected],m_url155
http://securessnmanage.inccusaaa.us/,m_url156
http://incro.domainerati.com/excelz/,m_url157
https://mail.zobazdjecie.eu,m_url158
https://oplac-pocztex.net/1HKYY3rj/h6WIN5X,m_url159
https://oplac-pocztex.net/1HKYY3rj/JSsf8LC0-ipko/login.php?pid=6WIN5X,m_url160
https://oplac-pocztex.net/1HKYY3rj/8X4ez4Id-inteligo/login.php?pid=6WIN5X,m_url161
http://cbtservicesfl.com/iou7/imagenes/comun2008/banca-en-linea-personas.html,m_url162
https://mesdapromo.com/amc/review.php,m_url163
http://www.rapicoin.site/Activacion/cuenta-terw/,m_url164
https://zmbrawebmail.weebly.com/,m_url165
https://mischief-managed.co.za/wp/lino/codes/red.html,m_url166
https://www.wiprint.it/palloncini-personalizzati/,m_url167
https://currentfromatt627838.typeform.com/to/OZnDcb,m_url168
http://professionalhealthfit.xyz/phillips/sunshine,m_url169
https://currentlyattverificationlog.weebly.com,m_url170
https://peringatanfacebook35.wixsite.com/mysite,m_url171
https://batalkanpenonaktifan.webnode.com/,m_url172
https://batalkanpemblokran22.webnode.com/,m_url173
http://akshardeveloper.co/https/1/sucursalpersonas.transaccionesbancolombia.com/mua/,m_url174
http://akshardeveloper.co/https/1/sucursalpersonas.transaccionesbancolombia.com/mua,m_url175
http://sac-uol-service.unicloud.pl/,m_url176
http://connivent-fighting.000webhostapp.com/index.php/2019update/update/,m_url177
https://www.libertyliving.co.uk/student-accommodation/birmingham/,m_url178
https://importantupdates-secondary.z35.web.core.windows.net/,m_url179
https://www.rmc.ne.jp/ryuo-es/,m_url180
http://gulfirevision.apptrak.online/wp-content/themes/gulfirevision-wp/assets/css/config/css-s/V!rus-V2/signin/myaccount/signin/,m_url181
https://intermega.com.br/consulta-seguro-desemprego/,m_url182
https://storage.googleapis.com/adropbox-macerating-928676923/index.html,m_url183
http://news-ontime.com/Nov.1/Shark-Tank-Diet8.0/Envy-Naturals-Keto.html?cep=I4xlt6qyfvKAouj17bl0GgrDUdtkOlavB3mf1_D0fXNuGtw_DmNFBjl3UAInjcz-f7_r_VPLfq3DPoFT6MLzGCOKX2mziiNkbXX6tbAnCdeRsX4ABpF5VnqWmC7CyiqY7voDjgBJkgutijObjvCBFBdYHXz7jAd1Ge22nskeQfe4KStJbwdgMb0eDM4ZFD8rTkZ39FSmbFtmTb-1_x6P1_MkAn3TD6CmKek9ERbZrbDxd8FQlhZEipO2vYfAO-y1VWX6E4Dkh8KJI6K4NzGAhhKlKxRmmYnHALWyRjyyfPMoO9mw-XW90kZ60gFTnO-egF2YDuMH8T6kwR4azhAOcIMtV-nsdOdym70NCJti2g0&lptoken=15de79d151f677f90875,m_url184
https://www.paketda.de/status-dhl-express-verzollungsereignis.html,m_url185
https://www.seriesonlinex.com/tag/assistir-the-missing-online-series-online-hd/,m_url186
https://km7.ro/newmet,m_url187
https://wwwoutlookofficefgvbg9.blob.core.windows.net/owa/voicemsgencryptednotes.html?st=2020-02-03T13%3A14%3A43Z&se=2020-02-04T13%3A14%3A43Z&sp=rl&sv=2018-03-28&sr=b&sig=byM2qWk0afKlM%2BeYB4yQInP2QTkTqXZx1%2Fm%2FyIADE60%3D,m_url188
https://hotmailposteingangg.de/,m_url189
http://trk.cpro20.com/click/g25w-1qk6co-lzdje9-bo40wqm2/,m_url190
http://trk.cpro20.com/click/g25w-1qk6co-lzdjea-bo40wqm2/,m_url191
http://uwow.biz/promo/?yclid=205415821643383732,m_url192
http://uwow.biz/promo/?yclid=220811991976800040,m_url193
https://tramontina.ml/acompanhamento/,m_url194
https://www2.saitlakewindow.com/unsubscribe/u/833093/6c599187d570dbdb21ee180d8c753e8cd64db3bdb01db4577053e02c6659c57b/17117263,m_url195
http://www.dhl.com.sg/en/contact_center/contact_express.html,m_url196
http://www.dhl.co.kr/ko/express,m_url197
http://www.dhl.co.kr/ko/express.html,m_url198
https://blazingboost.com/wow-boost?gclid=CjwKCAiA98TxBRBtEiwAVRLqu777EyRih3eae-whCZEglFSURVGenVkhBRTJS9WokCqlrhH6--0HoBoC_R4QAvD_BwE,m_url199
https://enaceapp.santander.com.mx.servic9.sitlamex.com/vbbVWE/bswVESV/gVSvsVEQDs/,m_url200
http://bit.ly/ChatLiveWithDHLSG,m_url201
http://bit.ly/ChatLiveWithDHLSG.,m_url202
http://bit.ly/2irurgu,m_url203
https://skinorange.fun/,m_url204
http://games.bigfishgames.com/en_wordrage/online/,m_url205
https://www.telus.com/en/bc/outages,m_url206
http://bit.ly/2J6XvZd,m_url207
https://www.disneyexperience.com/store/?cat=11,m_url208
https://storage.googleapis.com/consulta-cpf-cnpj/extrato-debitos.html?37410712796374757197976,m_url209
https://bit.ly/37UE54W,m_url210
http://ylda.org.hk/P_Notification.html,m_url211
http://research.modernbatiks.com/,m_url212
https://u10377913.ct.sendgrid.net/wf/click?upn=cvCRNy8MNsmvk6O-2BeC6WF96v6w-2BNfcYVqFWBUKtM8D9U42t5ajRjHkOSOtTo3WybRZHwZmR0O-2BrdPl8asYGhTTFzd1pzQK0YCPlAS-2Fvd8aa7xZwjGfXdBTx-2FtVDouQATbcjco88a4BAZQtPqsAzS8CW7JK-2BtcfJprQlgondMa7toIrUKDEnPSf7BMvgEiM9s9hUbeuheFJmNEteQdR-2F-2B6A-3D-3D_u6DUTvF6vSY932UP2YslOU3sFPJgV-2B5ZBMriJ3ZcE0Qs18WIC0XCTxGmC7pZ9PfQNeN1MhrqU1AHPy-2BPwmFOjjNCMjQ4o495RYLR5tj5fjj5yPsEJkvJTaO6xRLpawjwdVBfnqU8w4skRfl6qMLG7ewwZ6GBdBb5P7AqLq784JhSI-2FLgjHn8nwp-2BSEo5hdQS-2B-2B2mTodXYd3nMFk9ogxQ4nuniGUhMfiekbBHXemOIRM-3D,m_url213
https://podatnik.net/UaaPFUDR/p5mI6X7v-ipko/login.php?pid=zOhGLQ,m_url214
https://podatnik.net/UaaPFUDR/xhpzMPEyU-inteligo/login.php?pid=zOhGLQ,m_url215
https://bhwavsxo.paperform.co/,m_url216
https://7521rcvvrryyus889504301321.pp2020-a7581200321-929.com/signin,m_url217
https://7521rcvvrryyus889504301321.pp2020-a7581200321-929.com/?newworldorder,m_url218
https://ww2.trevleresearch.com/e/833093/in-mvoicea--e-0Recipient-Email/277l/16539279/melissacornell%40legalshieldcorp.com?h=tns-PANezLU0SrOBxqiB1g1NS76oQevFoC2g81mpoy4,m_url219
http://bit.do/freB8,m_url220
http://drdenniswells.com/css/AT&T/index.php,m_url221
https://www.drdenniswells.com/css/AT&T/index.php,m_url222
https://cirugi.si/https/1/sucursalpersonas.transaccionesbancolombia.com/mua,m_url223
https://cirugi.si/https/1/sucursalpersonas.transaccionesbancolombia.com/mua/,m_url224
http://desc-oferta-america-com.umbler.net/PRODUTO346522true/carrinho.php?id=2,m_url225
https://storage.googleapis.com/consulta-cpf-cnpj/extrato-debitos.html?52811152689395950248762,m_url226
https://abusines.000webhostapp.com/validating.php,m_url227
https://netbanking.tgucb.com/login,m_url228
https://www.windsorpubliclibrary.com/?portfolio=meeting-rooms-rental,m_url229
https://ww2.trevleresearch.com/unsubscribe/u/833093/ab2d0d43577b9c65879f890c72c1bbf091fadfdb908b52d484f5f5515b4706d6/15706415,m_url230
https://verifikasi64.webnode.com/,m_url231
http://cheesyncreamy.com/https/1/sucursalpersonas.transaccionesbancolombia.com/mua,m_url232
http://cheesyncreamy.com/https/1/sucursalpersonas.transaccionesbancolombia.com/mua/,m_url233
https://mesdosaldao.com/amc/review.php,m_url234
https://ledgerwallet.top/,m_url235
http://ledgerwallet.top,m_url236
https://u10377913.ct.sendgrid.net/wf/click?upn=cvCRNy8MNsmvk6O-2BeC6WF96v6w-2BNfcYVqFWBUKtM8D9U42t5ajRjHkOSOtTo3WybRZHwZmR0O-2BrdPl8asYGhTTFzd1pzQK0YCPlAS-2Fvd8aa7xZwjGfXdBTx-2FtVDouQATbcjco88a4BAZQtPqsAzS8CW7JK-2BtcfJprQlgondMa7toIrUKDEnPSf7BMvgEiM9s9hUbeuheFJmNEteQdR-2F-2B6A-3D-3D_xiakaVJ1oFjMXkEiazFeSs10F-2BXvpqqMI6JpENL1QdVedK4OB8IORN0KxQcADieJgiOKkgLkln5dxji8251sjb3tV8ViHRc-2BRU6CM70H-2B0ge9WmTY0I7SxHTUgxHJjShrXDg9-2BBC7gy8ooxLXiSlJ4t1Bf54XQar9KFlhxrekBMEblm4lmuEEQRGgc9-2FD9odQTlvl87ZsA2BR-2FB-2FCwSnoGXWwrPBn5Hhj15qoUoEvNE-3D,m_url237
https://u10377913.ct.sendgrid.net/wf/click?upn=cvCRNy8MNsmvk6O-2BeC6WF96v6w-2BNfcYVqFWBUKtM8D9U42t5ajRjHkOSOtTo3WybRZHwZmR0O-2BrdPl8asYGhTTFzd1pzQK0YCPlAS-2Fvd8aa7xZwjGfXdBTx-2FtVDouQATbcjco88a4BAZQtPqsAzS8CW7JK-2BtcfJprQlgondMa7toIrUKDEnPSf7BMvgEiM9s9hUbeuheFJmNEteQdR-2F-2B6A-3D-3D_ohmx3iRDnxjH9EaGcWucYzawMYBVGkcn6xIxADAEa9gGomMqr4kXaqdYVYy9g0-2B7ssCL5wsxU9y6HG8o3-2FlnnZwuRhUZZ1zs6dhBVCOrd2-2FKL9sIlu5i2yfZ-2B0zqjxXjDlwq-2FJvOnGEhA-2FPMC8-2BpwPipb4evpqRY4j5bBMbcmk-2BhSFH0B9YZI6iEmes1W5b6GhD32v-2FcVPQtbQLFu2-2B47Do3CyLyenuXTtkgwWp-2FEMs-3D,m_url238
https://u10377913.ct.sendgrid.net/wf/click?upn=cvCRNy8MNsmvk6O-2BeC6WF3cPD7manU1e-2BynAXPlEBf30bCvLPCpSScoOk5y15C0d4uJFPsAeYmPzIKz7NVGSOg-3D-3D_DI3YR8bbQg1RkrH-2FMvjTlHw9KulP6XF3BoUWmCYNT-2BSb25DuHwc0cQEVlXiz7wyy2QhINnuK00I0ZiZrxR0XabcIdjiVbpLPQLApjJOrxK5t-2FKqjUTnZgEGVLU-2FerjI61T7flTL6vjMNPJmOl-2F9rX7GqwsEmWFigtOA777eMr2bfVxSVTfazrL5ViZiKS6FXzFXCUpp1Zfkh7CotVFVwYa5dL1-2FS-2BR5qhClAy6mOoI0-3D,m_url239
https://u10377913.ct.sendgrid.net/wf/click?upn=cvCRNy8MNsmvk6O-2BeC6WF3cPD7manU1e-2BynAXPlEBf30bCvLPCpSScoOk5y15C0d4uJFPsAeYmPzIKz7NVGSOg-3D-3D_UyYyehWoa8oC8BWlshrTpwJ1rj4aHtVKRJGWajCDVN4cc31DmzGb7p4vfZm5SrzP0nNXNLVMly1sObkX3Jse4-2FpM9qixHZEsXYhopGDiMcY3xu28lk9buLpXH5DWYgVGk-2BwXgAFyc25gaes8f0KwzftqNJsHc6su6CEWM57pwD49PGNKndMFqlyA0Y5ZVswxeioKKlObL-2F8eenP2smqIa00eOTo-2FWHHbwKZjHHiK11g-3D,m_url240
https://ww2.trevleresearch.com/unsubscribe/u/833093/28b1eb1db6b532ffd26d6bd8ee0a866e1b7a0c6da9c8a9244af94a8d1a33714b/16198381,m_url241
https://ww2.trevleresearch.com/unsubscribe/u/833093/914d9977d69e62e1913e56501c595b25a043ac145d0613e03e89343465be5461/16207721,m_url242
https://u10377913.ct.sendgrid.net/wf/click?upn=cvCRNy8MNsmvk6O-2BeC6WF96v6w-2BNfcYVqFWBUKtM8D9U42t5ajRjHkOSOtTo3WybRZHwZmR0O-2BrdPl8asYGhTTFzd1pzQK0YCPlAS-2Fvd8aa7xZwjGfXdBTx-2FtVDouQATbcjco88a4BAZQtPqsAzS8CW7JK-2BtcfJprQlgondMa7toIrUKDEnPSf7BMvgEiM9s9hUbeuheFJmNEteQdR-2F-2B6A-3D-3D_C28h60-2FsB9S9cmNI7MsOCG6zJj9w0OYePJ-2FlOqZolmkEJsrc09wxrxGiw2eRT2kMgTxZYZSjJtZ-2BdgbXf-2BxdPLfb3PyIPH2awN9XFF-2BAS56rCVxexh0gS7yidzttvL-2FxyJjQxdsDa2NYFciI5PZKaX4OoUbKqwIst-2BdZAvlouBY0ytVMaTYg8bTt5xBKYSc5GGlPczugybmXHev4O7nCxgxkakQy-2F1liAnOClyvGCrU-3D,m_url243
https://u10377913.ct.sendgrid.net/wf/click?upn=cvCRNy8MNsmvk6O-2BeC6WF96v6w-2BNfcYVqFWBUKtM8D9U42t5ajRjHkOSOtTo3WybRZHwZmR0O-2BrdPl8asYGhTTFzd1pzQK0YCPlAS-2Fvd8aa7xZwjGfXdBTx-2FtVDouQATbcjco88a4BAZQtPqsAzS8CW7JK-2BtcfJprQlgondMa7toIrUKDEnPSf7BMvgEiM9s9hUbeuheFJmNEteQdR-2F-2B6A-3D-3D_Q0Y0L54uOhrrHtFzGFlMm2xNsv-2FBTknL7qoVbehHtWbLBW6HmOXZak4BzKzp3yDz19kurWir-2Bxxu2gw-2BbLQftgKdIUrzWuKjXGJy6b9-2F-2Fe-2BERDSt1L16KGwGbDdmA5N5OKBmWCweWWRkOXAi2ccwjVla2OWa8QU9Jpkrc7DyBIyR7retgjNNpmNutbEiFtYiCoR1HLgLFDMbILFZXkQe3XTVv75z7WQ4iYBkfHQRvpw-3D,m_url244
http://bagaikanlangitremixtiktok2019terbaru.com/4ABO,m_url245
https://www.ziprecruiter.com/login/eyJraWQiOjEsImFsZyI6IkhTMjU2In0.eyJ0eXBlIjoidSIsImd1aWQiOiIxZjk4YjhiZS04MzRjLTRkNzctOGJlZC0wNGU3OTkyMDEwM2IiLCJleHBpcmVzIjoiMTU4MDc0Njk0MyIsImlkIjoiNDE1MWU5NGEiLCJhdXRoX3Rva2VuIjoiX3YzXzdlOTBhMmEyNzZlNzNlMWM5MTdhZDM4MmNiMGFlNWI5ZmU2N2M5ZWFiMmZlYjJhMDBhZGFiMjdlMjkwZTkwYzIifQ.lt92HDzKiXwBpclX3RLkKP6dHqFIOQepYApCdgEpCmk/deny,m_url246
http://lineasolucionesdigital.com/activaciones,m_url247
http://lineasolucionesdigital.com/activaciones/,m_url248
https://iowebstudio.com/wp-settings/web/WEBDE.htm,m_url249
http://tarjetaconfirmar-ibercaja-movil.com/ES47034008/iberca/1e02e90e9be6e7864aafd026e3e935fe/Login.php?op=16951&c=webseguridad?srcid=curl=1&espv=54x223x654cie=UTF-8#,m_url250
https://podatnik.net,m_url251
https://senai.recrutamento.net,m_url252
http://informacjefakty.eu/strona/weryfikacja/index.html,m_url253
http://kornelik.webd.pro,m_url254
https://bancolombiaonly.webcindario.com,m_url255
https://www.newjoysf.org/modules/wmich.htm,m_url256
https://server1.ddf.net.br/~netmerca/nub/,m_url257
http://atacadaodaslembrancas.com/,m_url258
https://bettercooking.xyz/kdhjsk/index.php,m_url259
https://www.newwayfitness.it/readme.html,m_url260
https://31jan.page.link/naxz?code=fUxU4sR,m_url261
http://zohard.com/.well-known/pki-validation/mod/unblockverification/customer_center/customer-IDPP00C963/signin/signin.php?cmd=_update-information&account_update=acf732e34881a0267bffa49dc42cb984&lim_session=86669daac1884dfd9c7e776a3360aa694cd7c52a,m_url262
http://ww17.login-appleid.apple.com.alert-wode.com/?fp=2sqdpjsy0ynbm,m_url263
http://ww17.login-appleid.apple.com.alert-wode.com/?fp=2sqdpjsy0ynbm=,m_url264
http://ww17.login-appleid.apple.com.alert-wode.com/?fp=hchozvcddjfa7fa,m_url265
http://ww17.login-appleid.apple.com.alert-wode.com/?fp=hkjdoxca0bdtgay,m_url266
http://ww17.login-appleid.apple.com.alert-wode.com/?fp=j2hjycjhmenrlxz,m_url267
http://ww17.login-appleid.apple.com.alert-wode.com/?fp=lcnw4de9vnhfarf,m_url268
http://ww17.login-appleid.apple.com.alert-wode.com/?fp=lp4xxrqsutww,m_url269
http://ww17.login-appleid.apple.com.alert-wode.com/?fp=nyzexm8tec0ez2z,m_url270
http://ww17.login-appleid.apple.com.alert-wode.com/?fp=psfwwa4uw%20dxh,m_url271
http://ww17.login-appleid.apple.com.alert-wode.com/?fp=yebwlrqdzyq8a2j,m_url272
https://www.basaksehirsekeragaci.com/wp-content/plugins/login.alibaba-com/index.php,m_url273
https://paypal.com.us-update.account.savingsforacause.com/,m_url274
https://paypal.com-secure.site/,m_url275
https://atttsignin.weebly.com/,m_url276
https://reset.2dehands-accountverificatie.online/account/password-reset/index.php,m_url277
https://deltapms.com/112/001929/,m_url278
https://tiny-morning-31d0.insideboa.workers.dev/,m_url279
http://referee.volleyball.or.th/wp-admin/network/redirect.php,m_url280
https://attmailupdatlink.weebly.com/,m_url281
https://secure.actblue.com/donate/fmsa_monthly_feb20?refcode=FIR_EM_FR_200203_TrumpLawyers_U1_X1&amount=100&recurring=auto&utm_medium=email&utm_source=saveamerica&utm_content=6+-+Chip+in+100+gtgt&utm_campaign=FIR_EM_FR_200203_TrumpLawyers_U1_X1&source=FIR_EM_FR_200203_TrumpLawyers_U1_X1,m_url282
https://nubank.cliienteacesso.vip/775dcd5c-469c-11ea-b17e-de1c0c70a00b,m_url283
https://mon-petit-panier.com/fsf/c8c4e4b20/signin.php?session=633538643735,m_url284
https://nulio.pl/tools/z/,m_url285
https://copyright-helps.com/sh/58849030i/scotiaonline/,m_url286
http://kamerakjntion.net/BankOfAmerica/bofa/ibd/IAS/presentation/pm_token=C2886KJEHD89483JSO3829ENDHU8392OJD/safe.ssl.confirm.onlinebankingofamerica.com/,m_url287
https://copyright-helps.com/usaa.com.87893748minhd13n4.sec/,m_url288
https://copyright-helps.com/usaa.com.open.new/,m_url289
https://copyright-helps.com/.verification/,m_url290
https://copyright-helps.com/wp-content/,m_url291
https://duballstar.com/dx/login/auth.php,m_url292
https://starlite-motel.com/gmhc/sup/login/auth.php,m_url293
http://motorlop.info/BankOfAmerica/bofa/ibd/IAS/presentation/pm_token=C2886KJEHD89483JSO3829ENDHU8392OJD/safe.ssl.confirm.onlinebankingofamerica.com/finish.html,m_url294
http://u2046185.ct.sendgrid.net/wf/click?upn=wlRA3Qhqo9Tx6XxOKTqlrTWmvK61gnF6jJ-2BZuLJOMJIWHPK89me4-2FFQgIBfm9A9jHueADFJMnPHnKcD2v228IA-3D-3D_oc1SmQawC2uvzY3ksbHteuuJsR3tI-2BDq8b6iJ8u5GotaU-2BUfTaKQPDo3Q8tXWM4YuYByjQdTUSngIBZijqei8PIGI-2FXujntDW1sW0uchzLhaQz0h8WclucHQ62XSOEZ1X6eWxt1kQUTjbZVKV4NT8uTlc4oKQwdPBTCjXJkEP-2Bj-2FcyrGd2v-2Bg2gYs7wAIQpF1HbGVnhxaZpQH1yPtkW-2FGBLYEox-2FXJbsbPftd7cOnOg-3D,m_url295
https://secure.runescape.promo/m=weblogin/loginform698,m_url296
https://protocolo2020.joomla.com/validacao/login/,m_url297
https://docs.google.com/forms/d/e/1FAIpQLSctnUplM-KgraQp8tusmqaaP9oWQ5JNrWnvL3X8NW2J2HjK0w/viewform?usp=send_form,m_url298
https://forms.gle/6mh6Ksz4dDEyvXib9,m_url299
https://forms.gle/daHP2kHzGLWps5dm7,m_url300
https://docs.google.com/forms/d/e/1FAIpQLScfuDp76lF52GRSCaRHsM9SmJJAX4o0EkVkF2BGiY5MYkSsag/closedform,m_url301
https://brucepayne361508.typeform.com/to/ZcBw6N,m_url302
http://runescapexp.com/,m_url303
https://docs.google.com/forms/d/1KxiZF9C4mwz6TKKKEkVkkki0byS9yzk0Z1GBnphbe6g/viewform?fbclid=IwAR2-b68-6qSqNKZf1kPxtSkatZ8LHfftDh-noehPmc_okOne0ZXyeZIgGdQ&edit_requested=true,m_url304
https://docs.google.com/forms/d/e/1FAIpQLSehSV3PaoNLhnRcYvHoTdjQeS6qcYTXNzt8J0qkppPneJb5xw/viewform?fbclid=IwAR2-b68-6qSqNKZf1kPxtSkatZ8LHfftDh-noehPmc_okOne0ZXyeZIgGdQ&edit_requested=true,m_url305
https://grandes.ofertasjacauna.com.br/Kok/CH/Login.php,m_url306
https://empathialog.com/index.php/campaigns/nl702rj7o9984/track-url/we630mq8tn674/5f4831c22a91f27851ef4774bed44f82febab092,m_url307
https://empathialog.com/index.php/lists/xy7516jo8226c/unsubscribe/we630mq8tn674/nl702rj7o9984,m_url308
https://westhq-my.sharepoint.com:443/:b:/g/personal/ajellicoe_sgac_com_au/EdCQzgUvzIZNp_ladtov3ZIB6OxWT9S-tFMGx3MxMXv0-g?e=4%3apWS2Vw&at=9,m_url309
http://ryha.gratishosting.cl/amzn,m_url310
https://westhq-my.sharepoint.com/:b:/g/personal/ajellicoe_sgac_com_au/EdCQzgUvzIZNp_ladtov3ZIB6OxWT9S-tFMGx3MxMXv0-g?e=4:pWS2Vw&at=9,m_url311
http://bit.do/frqJY,m_url312
https://empathialog.com/index.php/lists/yx885ozz6j3bb/unsubscribe/zn229bexdfc40/cy621a9x3c84b,m_url313
https://mysp.ac/4Wvsr,m_url314
http://bit.ly/3b1kxhf,m_url315
http://mass-mp.com/pol/,m_url316
http://mass-mp.com/pol,m_url317
https://vandervenne.ca/Section2020/users.html,m_url318
http://details-three.com/new,m_url319
https://pandorapix.com.br/de/Accueil100026/Paypal/Paypal,m_url320
https://portalen.fumn.no/administrator/secureupdates,m_url321
https://tipoff.in/cgi_bin/NETFLIX/Netflix,m_url322
http://www.quobis.ooguy.com/desa,m_url323
http://post.spmailtechnolo.com/f/a/XFX-_rMkzzpUGuxrm7C4bg~~/AACuKQA~/RgRgGrxsP4RDAWh0dHBzOi8vbWFya2V0aW5nLnRlY2gtaW5mb3JtYXRpb24uY29tL3IvYzIzZTM2ZTdlMGZlYmY4OTY2YWQxNzVmNT9jdD1ZVG8xT250ek9qWTZJbk52ZFhKalpTSTdZVG95T250cE9qQTdjem94TkRvaVkyRnRjR0ZwWjI0dVpYWmxiblFpTzJrNk1UdHBPakkwTWpjN2ZYTTZOVG9pWlcxaGFXd2lPMms2TWpNeU8zTTZORG9pYzNSaGRDSTdjem95TWpvaU5XVXpPRE0zTm1NeU9EY3pZelk0TmpRMU9ERTBPQ0k3Y3pvME9pSnNaV0ZrSWp0ek9qYzZJakU0TXpFNU1UUWlPM002TnpvaVkyaGhibTVsYkNJN1lUb3hPbnR6T2pVNkltVnRZV2xzSWp0cE9qSXpNanQ5ZlElM0QlM0QmVwNzcGNCCgAgbDc4XipsUTBSFmplcnJlZHdpbHNvbkBwcGxzaS5jb21YBAAAADY~,m_url324
https://ee.uk.billing91.com/?ee=2,m_url325
https://rebecapagano.com.br/hasssom/loginprodx.att.net/controller.php?TAM_OP=login&USERNAME=unauthenticated&ERROR_CODE=0x00000000&ERROR_TEXT=HPDBA0521I%20%20%20Successful%20completion&METHOD=GET&URL=%2FFIM%2Fsps%2Fauth%3FFedName%3DATTsyn%26FedId%3Duuid9a412935-0156-1b6a-b5dc-fe4935913019%26PartnerId%3Dhttps%253A%252F%252Fatt.auth-gateway.net%252Fsaml%252Fmodule.php%252Fbridge%252Fsp%252Fmetadata.php%252Fatt_sp%26AssertionConsumerURL%3Dhttps%253A%252F%252Fatt.auth-gateway,m_url326
http://br940.teste.website/~segura59/login/,m_url327
https://ee.uk.billing94.com/?ee=2,m_url328
https://www.pontos-viagem.com/comingsoon/,m_url329
https://accountalertmasdd.weebly.com,m_url330
https://accountalertmasdd.weebly.com/,m_url331
https://analuana.com.br/wp-includes/pomo/Mil/1AiT/AiT/ATT/AT&T%20-%20Login.htm,m_url332
https://amq02.com/acompanhamento/,m_url333
https://attloginpagsetup.weebly.com/,m_url334
https://attaccountverificationllog.weebly.com/,m_url335
https://fukuoa.com/index.html,m_url336
https://fukuoa.com/,m_url337
http://buypleasuredolls.com/tim.assistenza/assistenza/Aruba.it/fatturazione/,m_url338
http://ubisounds.com/dhlkr/[email protected][email protected],m_url339
https://americanas-com.tk/acompanhamento/,m_url340
https://koliasnab.com/app/[email protected],m_url341
https://dom-812.gq/ingdirect.es/index.php?userid=878tygausd7satygdusidyastydushdsuaydasudiiasuyg,m_url342
https://www.google.es/,m_url343
http://gtdchotels.com/slider/update/[email protected],m_url344
http://35.236.81.230/InicioPagamentoUol.html?session=0CM66PRRT493S3WT9KOC8W8CPFDCAUL588ACX25Q6CSXFPQNAE1HB9U1O9CY3Y406EM3FQTK3MIIB06MO741EY147D20B6IHJ5KZV,m_url345
https://londondiving.net/wp-includes/js/home/vbv.php?sslchannel=true&sessionid==1b6mRlwBupaxp7IdWRVIHEKGe18Cq7gXfIIBGlIcuSYZjfQ2667FKzNtgOjTOXJdFnqSpKppeFUZHvbS,m_url346
https://londondiving.net/wp-includes/js/home/access.php?&sessionid=alUZKKCsuaIwedB4UUyiL7n82IsuQVjMXRVzYUFW2WwS4Jivrpwv3jGI0WPmAxj0OEh6XwxEc9lvoK7E&securessl=true,m_url347
https://londondiving.net/wp-includes/js/home/access1.php?sslchannel=true&sessionid==9epINJx2lEgRGnmd4e44hMZWThEamZEf0TBeyfqwlPppr3Xwckhl8gpGbxNQVWWxVWicIjkoXrkRHuZF,m_url348
https://londondiving.net/wp-includes/js/home/billing.php?sslchannel=true&sessionid==nPg1DtG7jaB0Q0tNHWb4P2CTxlFANUSO4aoREh97ZcVucr8JDL4RZfPpqB32F2US9pSR2BJyQKgO0IXf,m_url349
https://www2.amazon.co.jp.amazon12asasd54adc2aa.monster/,m_url350
https://www2.amazon.co.jp.amazon12asasd54adc2aa.icu/,m_url351
https://storage.googleapis.com/bnz-secureonline/index.html,m_url352
http://cheaproomsvalencia.com/Paypal/Support/ID-NUMB428/myaccount/signin/?country.x=US&locale.x=en_US,m_url353
https://lifechangerministry.worthyofpraise.org/tony-kemp/,m_url354
https://paypal007-secure.serveirc.com/customer_center/customer-IDPP00C828/myaccount/signin/?country.x=US&locale.x=en_US,m_url355
https://www.creativevtc.fr/Qwa/CH/,m_url356
http://govzw.xyz/account/my-verizon,m_url357
http://lacostadelsurdental.com/cache/,m_url358
http://a0397345.xsph.ru/fatturazione-staff/,m_url359
http://fatturazione-022.com/,m_url360
https://fatturazione-022.com/,m_url361
http://fatturazione-022.com,m_url362
http://renta-facil.com.mx/wp-admin/css/colors/blue/ChaseUpdate/Chase%20Update/index.html,m_url363
http://renta-facil.com.mx/wp-admin/css/colors/blue/ChaseUpdate/Chase%20Update/SecAuthInformation.aspx.php,m_url364
http://hmrc.tax4rebate.com/verify,m_url365
http://hmrc.tax4rebate.com/verify/,m_url366
http://londondiving.net/wp-includes/js/home/,m_url367
https://portalen.fumn.no/administrator/secureupdates/,m_url368
http://olinimoser.com/adobe/secure/4f4178693bc9d449bc4c40342e949b47/,m_url369
http://olinimoser.com/adobe/secure/4f4178693bc9d449bc4c40342e949b47,m_url370
http://chenarivermarblers.com/wp-image/login.php,m_url371
https://abgprotech.com/Step2/home/Account,m_url372
http://baptist.sumy.ua/office.html,m_url373
https://www.facebook.maarrketplace.club/item/2243435399031390/,m_url374
https://www.facebook.maarrketplace.club/item/2243435399031390,m_url375
http://mail.bokepbokep.shops89.online/,m_url376
https://docusignhry.weebly.com/,m_url377
http://docusignhry.weebly.com/,m_url378
https://tyilandscape.com/mobile-Fahrzeugmarkt/34232434367634242341/mobile-kunde-e-mail/H%C3%A4ndler-Login.htm,m_url379
https://docs.google.com/forms/d/e/1FAIpQLSdOQtFg1G4g-ci7CED7Jc9BGymQdlkIRROxZGKfcZBkPLoQCA/viewform,m_url380
https://iowebstudio.com/contents/gmx/gmx.php,m_url381
http://login.netflix.online-account-manager.support/Files/Login.php,m_url382
https://westchef.com.au/wp-filedhl/mydhl/[email protected],m_url383
http://www.denvermetrosecurity.com/wp-content/milklo/Adobe/data/UntitledNotebook1.html,m_url384
https://idorangefr.weebly.com/,m_url385
http://idorangefr.weebly.com/,m_url386
https://tamsucongai.net/wp-config/tamsucongai/home/chase.com/home/tbkmte=/,m_url387
http://georoc.co.za/dss/%40%23%40%23/AT&T/index.php,m_url388
https://tamsucongai.net/wp-config/tamsucongai/home/chase.com/home/myaccount/access.php?websrc=e17ea285ad581008aac6b89b49ab879e&dispatched=74&id=8138015197,m_url389
https://tamsucongai.net/wp-config/tamsucongai/home/chase.com/home/myaccount/billing.php?websrc=e17ea285ad581008aac6b89b49ab879e&dispatched=59&id=695459013,m_url390
https://tamsucongai.net/wp-config/tamsucongai/home/chase.com/home/myaccount/vbv.php?websrc=e17ea285ad581008aac6b89b49ab879e&dispatched=100&id=2110981189,m_url391
https://tamsucongai.net/wp-config/tamsucongai/home/chase.com/home/myaccount/uploads/index.php?websrc=e17ea285ad581008aac6b89b49ab879e&dispatched=34&id=8355533426,m_url392
https://tamsucongai.net/wp-config/tamsucongai/home/chase.com/home/myaccount/,m_url393
https://tamsucongai.net/wp-config/tamsucongai/home/chase.com/home/myaccount/access.php?websrc=e17ea285ad581008aac6b89b49ab879e&dispatched=88&id=9010657889,m_url394
https://mundohilo.com/cache/push/Fatturazione-Staff/ID3MQ05T876T.php,m_url395
https://mundohilo.com/cache/push/Fatturazione-Staff/index.php,m_url396
https://mundohilo.com/cache/push/Fatturazione-Staff/966bfdf4392f714/fatturazione/,m_url397
https://fevereirosemprecomtudo.com/acompanhamento/,m_url398
http://www.usejporg.topsawal.top/,m_url399
http://tracking.oxborocare.com/tracking/click?d=8wHSorKC6aynrbqObuZFEU5v_tUasz7awnMc8Nkurs3D71uXctzN-s81MCwTXWyhEKySMe3SN3x8tWf1237rkLsLjmjIcwYS0PIG6dbZ4kXlhEpeE_EpL4mfFPGpPQRDOTTN8RRz7q29-zCVerGVcvA1,m_url400
http://tracking.abootpharm.com/tracking/click?d=_s0SoASYc9j8fRyfl-8hulmrJW7Ixn0eLD3DcnWtM38mjfduj9_rtzc6gJ5PbGe9k08oID5Dn__IRMnJxODGs3paHClUDQrluCACD3Ogo_xdlVtRV4tyY_Wy_c8LykUrE_uTXO9sUSAKB28TkIvR9YKXryPMsvscd59lZVc3sFJlR6_ltSL0Z_1U-ndPROoCtg2,m_url401
http://tracking.abootpharm.com/tracking/unsubscribe?msgid=kVKpRSSYgU8n_Zgsz1Cf3A2,m_url402
https://levelupwebinar.com/conference/garnishments--child-supports---other-levies,m_url403
http://tracking.abootpharm.com/tracking/click?d=8wHSorKC6aynrbqObuZFEU5v_tUasz7awnMc8Nkurs3D71uXctzN-s81MCwTXWyhVwETeojbZKuW6-KTJZg7F_2CjgxhGqM6-y5ZVpYnVgwDf8rhPooXB6-1LdBeSGNJtNesGNKSR4hAi9jk2qyNw641,m_url404
http://tracking.levelupwebinars.com/tracking/click?d=_s0SoASYc9j8fRyfl-8hulmrJW7Ixn0eLD3DcnWtM38mjfduj9_rtzc6gJ5PbGe9k08oID5Dn__IRMnJxODGs3paHClUDQrluCACD3Ogo_w2YT8NrbITFX7ri1fCyVuKWS2pvIRzDcgfRVDoJPUm0gCaqRIdahogNHfRQ4jUxQ01mAtXBETGBgvC6-IpO6BWjA2,m_url405
http://att-secure.site,m_url406
https://secure.runescape.promo/m=weblogin/loginform568,m_url407
https://www.exodusweb.net/,m_url408
https://reset.2dehands-wachtwoordcontrole.xyz/account/password-reset/index.php,m_url409
https://swadeshiinfotech.in/to/att%20file/controller.php?,m_url410
https://u.nu/lg2nz,m_url411
https://tipoff.in/cgi_bin/NETFLIX/Netflix/Home/login.php,m_url412
http://www.safetyrul.xyz/,m_url413
https://ultimateprofitablebusiness.com/syn/bHV1ay52ZXJzbHVpc0BpZ2guY29t,m_url414
https://nlxnl.000webhostapp.com/,m_url415
https://rebrand.ly/nubankutmcontent385292480289,m_url416
http://exodus.press,m_url417
https://exodus.press/,m_url418
https://secure.runescape.promo/m=weblogin/loginform983,m_url419
https://www.clouditechnologies.com/images/Assistenza/fatturazione/,m_url420
http://buypleasuredolls.com/tim.assistenza/my/,m_url421
https://moscowkran.narod.ru/,m_url422
https://www.instagram.com/itau_unibanco_sp,m_url423
https://instagram.com/itaucard.personnalite24h?igshid=1kf3f17rxgxi7,m_url424
https://atendimentoaocliente-ltauonline.clienteacesse.com/30horas/?id=MjE5OTIwOTUyNTc=&hash=4a4e4f874d731effa61c9bddff751c31,m_url425
https://www.instagram.com/itaucard.on,m_url426
https://atendimentoaocliente-ltauonline.clienteacesse.com/30horas/?id=MjI5OTI5MDE3Mzk=&hash=09633cba1bbbca72344b4cee39854085,m_url427
https://instagram-video.xyz/login.html,m_url428
https://instagram-video.xyz/,m_url429
http://mail.instagram-video.xyz/,m_url430
http://mail.instagram-video.xyz/login.html,m_url431
http://id-828285851-amazon.com/,m_url432
https://id-828285852-amazon.com/?id=NHq8Z5Z1ppTPlx378vZlOZHxCKKebl1UeMct60OiVTKIeJith6TnhLdYX8yX2iGHMpCJOShT3V8QWGciIALHTYDP9nDpsCRYyRY,m_url433
https://msufg.com,m_url434
http://v-d.top/de/yzm.php,m_url435
https://flowersbymoira.net/wp-includes/js/tinymce/BP/2/uzh.htm,m_url436
https://flowersbymoira.net/wp-includes/js/tinymce/BP/1/uzh.htm,m_url437
https://flowersbymoira.net/wp-includes/js/tinymce/BP/4/uzh.htm,m_url438
https://flowersbymoira.net/wp-includes/js/tinymce/BP/8/uzh.htm,m_url439
https://www.google.com/url?q=https://myriadcloudsolvekm0.co.kr/Nive/&source=gmail&ust=1579805087433000&usg=AFQjCNGX0nqkR6PSfXZ1X1NRt1BuQ-Z-eg,m_url440
http://sempre-nubank2020.com/,m_url441
http://dijital-ziraat-sube.mobi/,m_url442
https://ticketsurveys.com/?3e7bf3f4d483fe8399eb7006e170ca1b,m_url443
https://u14773125.ct.sendgrid.net/ls/click?upn=e2ien2A04zxEDIwLavGA-2BPTzrlR8TqpHnj4yxYMsdYRjlLKIwAK6dTnqAy7uez2bn5Wy5RpJ-2Fu0TgoJLumsHPJeuAiPExrLEddO9azPSR21EOHB-2BXHn3kNPP1q6doJqGkOri_XJ29Mu8eGjuoRq3cTX4qP9jKnVZsV1bAjjgyXpNZYxpsntAVGz-2B39BkQuHK8nkQa-2F59TwKuli5Yjl4Zkt2eq2EcKLfnzurjsqB0I-2FKlsInYbCrCOHEXPz788L7WScgudGGsMSB0iVv81LnmpGTyGxvTm9y51sYO3hsQFuloYxRNpIgyH7AAxtK5ww8I1UP-2FMnsBtwo9kGxurE44l-2Bvs8Hnvcd45zidc8gaY9KdEz-2F73U8KvePIz37MkoydLwR5jfIfQiFgCS0cgAjj8ICIJl7Q-3D-3D,m_url444
http://alpsz.000webhostapp.com/validating.php,m_url445
http://promehedinti.ro/wp-contl/,m_url446
http://nimblechef.online/wp-admin/fatturazione-staff/0352401f7cc23f8/fatturazione/,m_url447
https://tryeebkfdgilioroderviljsjjfdfjloy00201110.webnode.com/,m_url448
https://tikkamasala.xyz/king_of_spice_curry_panner_tikka_masala.html,m_url449
https://u14773125.ct.sendgrid.net/ls/click?upn=e2ien2A04zxEDIwLavGA-2BOQyzg46-2BO3w-2B92e-2FYFHwBpr78MWJQ3FsQko-2BJRtWeFWH-2BdUKlZHyo42M-2FWZBtxzeImpw8DNUkVOrdPb-2Bh4HxpM-3D4w3I_XJ29Mu8eGjuoRq3cTX4qP34ad9suLjIU8f03OgT0MDod3fRMpqFsVMHYc7h3m-2FxHhte7byYgXDqQawHtKHh-2FVXxQ-2BoC-2F0b3SIBwdgTUa73veHjZl5cfZN0-2Bl3dZeoltD-2F804GH-2BLDA0I07HITy4waJzSKV5R8f0qj86DffqhmdyqZCgIhM4QJ4eut9AF7XlLRuQ-2B-2F3jxi2K5TGX88JESKNkiyjLSK7pcF-2B-2BzlleEIdumpYwBrjPY1DQGkig7VSosEEakvZ99fmThFg88FQ9rAQ-3D-3D,m_url450
http://tshivenda.co.za/page1/index.php?cG9zdG1hc3RlckBhcmFtaXMuZnIN,m_url451
https://jasonlma.com/paiementrenouvellement/connexion/web-ovh/login/LoginMDPopcurlaHR0cHM6Ly9jZnNwYXJ0LmltcG90c/web.index.html5400configurationhostingDATABASE/ovh/tm5yzu=/,m_url452
http://www.ziboleq.com/app.onesignal.com/login.html,m_url453
https://microsotg.creatorlink.net/,m_url454
https://www.coursera.org/learn/gcp-fundamentals/lecture/Z2hyl/module-introduction-introduction-to-app-engine,m_url455
https://www.coursera.org/lecture/gcp-fundamentals/module-introduction-introduction-to-app-engine-Z2hyl,m_url456
http://support-vpass-smbc-card.com,m_url457
https://satyanadella.xyz/inspiring_leader_in_enterprise_and_consumer_business.html,m_url458
http://tinyurl.com/wax3c3z,m_url459
http://www.appletonlawillinois.com/2T7S86J713L2/,m_url460
http://www.turvallisuusoka.com/,m_url461
https://arenda5548.000webhostapp.com,m_url462
https://heard-administrator.000webhostapp.com,m_url463
http://buypleasuredolls.com/tim.assistenza/my/7ce32d34aa5191d0987d203dae0bbb4c6bc4f155281945e6fa64f1523abce67fa805d38beb990aa67556cf96d1fdfc14/,m_url464
https://vk-protect-1.000webhostapp.com,m_url465
https://kostagrups.000webhostapp.com,m_url466
https://moratacobm.com/filter.php,m_url467
https://vkavtorizen123.000webhostapp.com,m_url468
https://33334442.000webhostapp.com,m_url469
https://vk-support-com.000webhostapp.com,m_url470
https://vkauthorithation.000webhostapp.com,m_url471
https://vkcom-mobile.000webhostapp.com,m_url472
https://telegra.ph/Official-competition-rules-02-02,m_url473
http://instagram-video.xyz/,m_url474
https://pazzopazzomondo.it/en/[email protected],m_url475
http://pahav.com/roundcube/[email protected],m_url476
http://techdata.im,m_url477
https://dhl.express.dnsabr.com/auth/sh/,m_url478
https://auswildfires.xyz/the_great_loss_to_planet_from_wild_fires.html,m_url479
https://u14773125.ct.sendgrid.net/ls/click?upn=e2ien2A04zxEDIwLavGA-2BOUvzicRg0DFqT-2FJcgQyV0GyJq0NBa5nxzL2aL-2BL6Ap0iewx0HLAGEV72fQqr-2BAZ-2FZ7zmP-2BPjk-2BmBVkYb1drfGA-3D7wtj_XJ29Mu8eGjuoRq3cTX4qP3NK0TMj7Qp-2FtihukKyUV9IzDwXRQhfHuIrb7Yhu94pSlNPiWiQmwGvsyhvD004k0-2FcAJ8Ano3pIYJi70RA-2Bq0J6hx5YgeQtpbkZ8kjO0AOQp-2FGuYPObpf9tIioI-2BUCu22Gogt-2BJaYh40EfVXn6WD1aNl1GyfvSy2rlCEaM8TW6RfRioahef0qZlRVy-2BmuzHyqmoAVsbNrHt7pUPKHDJp6bdEViT5843UIxPReB6UiFQGygg1q1nHwznD9LHveLRrQ-3D-3D,m_url480
http://trezorl.io,m_url481
https://vkpublicfuulphoto.000webhostapp.com,m_url482
https://jhkjhjh87970.000webhostapp.com,m_url483
https://antifouling-investi.000webhostapp.com,m_url484
https://neebu.000webhostapp.com,m_url485
https://auoth-com.000webhostapp.com,m_url486
https://vkood.000webhostapp.com,m_url487
https://vkhxody.000webhostapp.com,m_url488
https://arenda3409.000webhostapp.com,m_url489
https://vkadm.000webhostapp.com,m_url490
https://vc-com-id48838710.000webhostapp.com,m_url491
https://edevletkredikartigiriskapisiplatinum-govtr.com/,m_url492
https://registrationvk.000webhostapp.com,m_url493
https://hostingerit.com/fatturazione-staff/6ad28354f86ed28/fatturazione/,m_url494
https://vk.com/away.php?to=http://www.ziboleq.com/app.onesignal.com/login.html,m_url495
https://itadindustry.com/admin/Admin/adm.html,m_url496
https://aeinstein.xyz/theory_of_relativity_expert.html,m_url497
https://u14773125.ct.sendgrid.net/ls/click?upn=e2ien2A04zxEDIwLavGA-2BPg98dHAHUuprtxrL2aFh4KKaj-2B-2F7P-2BBrX-2BWpO2Qv7wq0WdLN0ssvHQ5aQdYRuLM0A-3D-3D9g1F_XJ29Mu8eGjuoRq3cTX4qP5RsTN9ygRAFZHXzZMiv34fJgWKKW2JJ6hkXYJkxXOgmXz7hy2UkWxxs1Q2P17F4yNoJ-2F8tag2mP91bO7kY3WenuQzwZ38juqSzigTJn3dLA8dEqrU7oTcf-2FOYWWTc4-2Bdvamdg9J-2BwAkC39g7lVvI1V0QSxTx3IUob7-2FJ944otDnmRFZYf-2FTiI-2BxctsIX160Cx5qFyejb6DemGqTGZcxaGj0byk5eN84iHAnV5h5-2FYH9NmCD1slAMq4lwgD4XJluvw-3D-3D,m_url498
http://allegro.sale/,m_url499
http://gg3dgr.zzz.com.ua,m_url500
https://gmxposteingang.de/,m_url501
https://onedrive.live.com/redir?resid=F950F8718F3413F!139&authkey=!ABm4JCLF3vh4_EA&ithint=file%2cxlsx&page=survey&wdFormId=8786A7D4-F24E-494D-A981-EC4D7BE22B99,m_url502
https://peringatanfacebook72.wixsite.com/mysite,m_url503